alpha,exact,tau_min,denom_amp,stable_gji_relerr,stable_gjii_relerr,fp64_gji_relerr,fp64_gjii_relerr,fp64_q1_local_relerr,fp64_q2_local_relerr,fp32_gji_relerr,fp32_gjii_relerr,fp32_q1_local_relerr,fp32_q2_local_relerr,fp16_gji_relerr,fp16_gjii_relerr,fp16_q1_local_relerr,fp16_q2_local_relerr,fp8_e5m2_gji_relerr,fp8_e5m2_gjii_relerr,fp8_e5m2_q1_local_relerr,fp8_e5m2_q2_local_relerr,fp8_e4m3_gji_relerr,fp8_e4m3_gjii_relerr,fp8_e4m3_q1_local_relerr,fp8_e4m3_q2_local_relerr
1.05,0.7636716289439257,0.00013411566236365413,24709188.599027067,1.4537963472081234e-16,1.4537963472081234e-16,1.4537963472081234e-16,1.7009417262335043e-14,2.1965392878789403e-13,2.1825170513012506e-09,6.713876496091618e-09,1.4542765272879865e-05,0.00022475749069644283,2.2351036094075045,1.8295202576617444e-05,0.041620441439970846,1.0,6749.9711457927215,0.0008703864609019624,nan,1.0,nan,nan,nan,nan,nan
1.075,0.7563997153858664,0.0001296735792283843,26431054.197001673,4.403318782551864e-16,1.467772927517288e-16,4.403318782551864e-16,3.9629869042966775e-15,2.9851143003941434e-15,3.0412957292339654e-11,1.4998984698805493e-08,3.827107590776163e-05,0.0003034273381477036,3.1200852842509166,3.4909041795692904e-05,0.07366237913607813,1.0,6525.916211210118,0.0011887906805641856,nan,1.0,nan,nan,nan,nan,nan
1.1,0.7486786047092842,0.0001252773760223591,28318626.476074483,2.965820093272899e-16,7.414550233182248e-16,2.965820093272899e-16,5.6498872776848725e-14,2.889351410176345e-13,3.0744948006875042e-09,1.1169792447887903e-08,9.608505298396532e-06,4.331020774762024e-05,0.46075060465319345,3.642085567688644e-05,0.1154161411581099,1.0,6301.860136743056,0.001604865419881431,nan,1.0,nan,nan,nan,nan,nan
1.125,0.7405085129089083,0.00012092727289125804,30392677.659394816,1.4992711160927973e-16,0.0,2.9985422321855946e-16,9.055597541200495e-14,2.629405428269921e-13,2.8992802749298878e-09,1.925952940951616e-08,4.911392593851962e-05,0.00014575457196213298,1.6074843688585254,4.832512611182865e-05,0.17022130125099913,1.0,6086.765773298251,0.002044461913072456,nan,1.0,nan,nan,nan,nan,nan
1.1500000000000001,0.731890244661799,0.00011662349533292371,32677240.52240347,1.0618478971484689e-15,6.067702269419821e-16,1.0618478971484689e-15,2.4968594838662567e-13,5.094644938121703e-13,5.826026203377841e-09,3.355710550942093e-08,0.00013613104784935466,0.0002715393644397167,3.1054208084319215,6.660944668604167e-05,0.24011245950300883,1.0,5871.670338131431,0.0025183684985377788,nan,1.0,nan,nan,nan,nan,nan
1.175,0.7228252101830088,0.00011236627443056424,35200231.383480884,1.5359495061663168e-16,1.5359495061663168e-16,1.5359495061663168e-16,2.2639895720891509e-13,2.9378881267381155e-13,3.4860209743853463e-09,1.3984833309215117e-08,2.4257841427894955e-05,2.908614787335472e-05,0.34577387375492785,8.624215819798492e-05,nan,1.0,nan,0.0030395554369304976,nan,1.0,nan,nan,nan,nan,nan
1.2000000000000002,0.7133154415691266,0.00010815584710105464,37994214.96611989,1.4007838102658114e-15,6.225705823403606e-16,1.2451411646807211e-15,4.873171233269172e-13,4.54864132414968e-13,5.607383299085181e-09,4.937322229036011e-08,0.00022100824927438558,0.0002006168394515804,2.4742557161422156,0.00016363009377995662,nan,1.0,nan,0.0036235583643507,nan,1.0,nan,nan,nan,nan,nan
1.225,0.7033636085740352,0.00010399245635922538,41097349.022041626,4.735344611626843e-16,1.5784482038756143e-16,4.735344611626843e-16,7.865407399912186e-13,5.144446065982723e-13,6.598330975349668e-09,4.416467405195367e-08,2.207601509310395e-06,1.7727960363916102e-05,0.22749178864149303,0.00018983280375313745,nan,1.0,nan,0.004288928098727505,nan,1.0,nan,nan,nan,nan,nan
1.25,0.6929730337600183,9.987635159713903e-05,44554558.324843965,2.563385229814608e-15,9.61269461180478e-16,2.403173652951195e-15,9.869033134786241e-14,3.8558588099457466e-15,5.277185504271943e-11,1.0836298770569354e-07,0.0005300312693468096,0.00021951657356418687,2.930755698763401,0.00022647573388377094,nan,1.0,nan,0.00832297219241531,nan,1.0,nan,nan,nan,nan,nan
1.2750000000000001,0.6821477069661674,9.580778888174102e-05,48419003.51502577,4.557113418699239e-15,1.6275405066782997e-15,4.71986746936707e-15,4.353670855364452e-13,1.6741941275600121e-13,2.3291171665934448e-09,5.28226757438644e-08,0.0001603776503480575,4.417960460095446e-05,0.6147729929329687,0.00045535298075250185,nan,1.0,nan,0.009261730366588755,nan,1.0,nan,nan,nan,nan,nan
1.3,0.6708922990349934,9.178703127193932e-05,52753931.983490266,1.0921979538393593e-14,4.468082538433743e-15,1.0425525923012065e-14,4.76976085204725e-12,9.966833580945836e-13,1.4478920407544742e-08,2.7395284969005837e-07,0.0018016823033834759,0.00037445196462996947,5.439712134718325,0.0005709259832985394,nan,1.0,nan,0.01087858430502996,nan,1.0,nan,nan,nan,nan,nan
1.3250000000000002,0.6592121747371613,8.781434915478004e-05,57635027.95883271,5.052499334077775e-15,1.6841664446925917e-15,5.389332623016294e-15,3.273177485260052e-12,4.979078210613443e-13,7.558383770758759e-09,2.480365204025652e-07,0.0018063751363780428,0.00026843508505865004,4.076437136325223,0.0006584210886868663,nan,1.0,nan,0.012751101075302643,nan,1.0,nan,nan,nan,nan,nan
1.35,0.6471134048334228,8.389002060632533e-05,63153420.79963625,8.578272497004952e-16,1.7156544994009906e-16,5.146963498202971e-16,3.662064528971414e-12,4.012628924416006e-13,6.377089330807121e-09,3.204273155133536e-07,0.001953222891826769,0.00019831372265117895,3.151923698734814,0.0008960551321540451,nan,1.0,nan,0.014926599488743204,nan,1.0,nan,nan,nan,nan,nan
1.375,0.6346027772120555,8.001433177418082e-05,69419569.57664026,1.6445084714763548e-14,8.397490067113302e-15,1.7494770973152712e-14,1.0423734441223848e-11,7.973039730920686e-13,1.3287009244003184e-08,3.0798670346951385e-07,0.0023024435541014808,0.00017310349524429815,2.8855646163942867,0.001040866357928548,nan,1.0,nan,0.017460254332308273,nan,1.0,nan,nan,nan,nan,nan
1.4000000000000001,0.6216878070395118,7.618757728794501e-05,76568326.44718312,5.3038878128216997e-14,1.9822611017616455e-14,5.268171396573742e-14,6.3764517927478654e-12,3.6146208982653413e-13,6.327217863033e-09,4.5234419670751917e-07,0.0038271094043151313,0.00020348958660995305,3.5616033881777045,0.0014350791542845792,nan,1.0,nan,0.020416421709921626,nan,1.0,nan,nan,nan,nan,nan
1.425,0.6083767458614423,7.241006069774736e-05,84765603.58790147,4.562234800136533e-14,1.532910892845875e-14,4.5257369217354405e-14,6.168506428568603e-12,2.4416796029682715e-13,4.49340194629206e-09,8.827714407942309e-07,0.007956222533722029,0.0003024277757288653,5.570251192487869,0.0031766622536326624,nan,1.0,nan,0.02387020587525117,nan,1.0,nan,nan,nan,nan,nan
1.4500000000000002,0.5946785895909584,6.868209494304e-05,94217248.00922252,4.480630891610105e-15,4.293937937793017e-15,5.600788614512631e-16,5.3725378091758595e-11,1.5202389988341225e-12,2.9512460382574297e-08,1.347113198758144e-06,0.017258745391360315,0.0004856119173259276,9.428540149910344,0.0040901688857812755,nan,1.0,nan,0.027909317010785754,nan,1.0,nan,nan,nan,nan,nan
1.475,0.5806030853207246,6.500400285613939e-05,105180996.3520793,4.6848638581193256e-14,2.4284804489026706e-14,4.91432657770068e-14,2.8522407262895375e-11,5.663285269089892e-13,1.1616935837671344e-08,5.124674572781386e-07,0.00447116330136334,8.712159970333095e-05,1.7871141849510548,0.00498452626849516,nan,1.0,nan,0.03263628105298269,nan,1.0,nan,nan,nan,nan,nan
1.5,0.5661607368954616,6.137611770246076e-05,117982787.8058548,5.09851650938203e-15,8.432161919362588e-15,1.568774310579086e-15,6.891860862520512e-11,1.0070301404453655e-12,2.1879104885298882e-08,2.1802913472754388e-06,0.032124529263658115,0.00045950018842756777,9.983054897292861,0.006215997759270429,nan,1.0,nan,0.038171077479271606,nan,1.0,nan,nan,nan,nan,nan
1.5250000000000001,0.5513628091815209,5.779878376005465e-05,133039340.1733345,2.859309095054864e-14,1.6108783634111911e-15,3.1009408495665425e-14,5.901916011886379e-11,6.143447638802354e-13,1.4172684483044886e-08,1.3737960245912456e-06,0.02094128201103989,0.00021247227331685017,4.902119554328018,0.007950863243680948,nan,1.0,nan,0.04465429994446453,nan,1.0,nan,nan,nan,nan,nan
1.55,0.5362213309704715,5.4272356944440325e-05,150889881.2524881,1.2132876013210454e-13,6.542643037840449e-14,1.2671194744172008e-13,1.1490434016940987e-10,8.408547454664841e-13,2.0660574241146418e-08,5.298783050739079e-07,0.007142996958279838,5.0825620901101064e-05,1.2509287186138072,0.009817401167859978,nan,1.0,nan,0.05225095915851118,nan,1.0,nan,nan,nan,nan,nan
1.5750000000000002,0.5207490964541163,5.079720548056832e-05,172241516.23526752,1.2109606762277932e-13,8.229415863097326e-14,1.0425348075270966e-13,3.268282662406802e-10,1.6777334862748534e-12,4.4040493978500776e-08,2.781296943511005e-07,0.00018909102533214064,3.382161727387698e-07,0.008703919248217814,0.01242698739729083,nan,1.0,nan,0.06115507923287276,nan,1.0,nan,nan,nan,nan,nan
1.6,0.5049596652089812,4.7373710628961785e-05,198035329.82443652,6.595911125885765e-15,1.626991411051822e-14,3.188023710844786e-14,5.464501298640328e-10,1.9904478189104096e-12,5.601700424886602e-08,2.026024972644348e-06,0.027061170051914475,9.359985893005696e-05,2.6337468689235486,0.015537551404393994,nan,1.0,nan,0.07159528049409718,nan,1.0,nan,nan,nan,nan,nan
1.625,0.48886736062917746,4.400226746842373e-05,229544752.34618577,4.616964826938033e-13,2.345954090618292e-13,4.589712698102196e-13,1.26722739738252e-10,3.3646887667921773e-13,1.019202729942068e-08,6.478822638406335e-06,0.14616848744978497,0.0003726166667079763,11.29182598217429,0.019447327055352365,nan,1.0,nan,0.08384159698484377,nan,1.0,nan,nan,nan,nan,nan
1.6500000000000001,0.47248726674759134,4.068328574435842e-05,268525441.83302814,8.388577802730837e-14,3.642099606227675e-15,1.1079032027976443e-13,7.489670024046944e-10,1.3506056034063917e-12,4.4262527745061664e-08,1.8918356807550835e-05,0.49704971917658525,0.0008928179994686592,29.262357167449654,0.024225061466148928,nan,1.0,nan,0.09720401185921027,nan,1.0,nan,nan,nan,nan,nan
1.675,0.455835223386607,3.741719078703687e-05,317449849.23555917,6.40801023687326e-13,3.877442910339122e-13,5.964734728279215e-13,1.2459192213857325e-09,1.5554765557792575e-12,5.5427308168820445e-08,1.5786032232217225e-05,0.4320309194261141,0.0005375692218388798,19.15634669835416,0.030458254577358884,nan,1.0,nan,0.1121479682662289,nan,1.0,nan,nan,nan,nan,nan
1.7000000000000002,0.4389278195810676,3.420442450802197e-05,379885665.50132334,9.697710845659169e-13,5.770820890550703e-13,9.783710368025474e-13,3.016198013010484e-10,2.5935037453308367e-13,1.0112410706307234e-08,1.3881365071989366e-05,0.4310258451848564,0.000372082550941861,14.505275886754196,0.03839523262826003,nan,1.0,nan,0.13188212037627603,nan,1.0,nan,nan,nan,nan,nan
1.725,0.42178238521788725,3.1045446483635164e-05,461128178.43587065,1.468119375504021e-12,6.843765802439184e-13,1.589991051139765e-12,4.4348747414469015e-09,2.6299558563241995e-12,1.12944542065993e-07,2.329863874587479e-05,0.7973443852195196,0.00047115423681656543,20.235445593971438,0.04894910299467633,nan,1.0,nan,0.1551333937044487,nan,1.0,nan,nan,nan,nan,nan
1.75,0.4044169808386743,2.794073513379125e-05,569300840.5760063,4.373172646114431e-13,5.005951236779451e-13,6.91938584716348e-13,1.0532531285060002e-08,4.2445344867971045e-12,2.0254837907887057e-07,5.620496090374081e-05,2.3336422844223614,0.0009408346892583,44.89882654023077,0.06357909636935277,nan,1.0,nan,0.18255875976977495,nan,1.0,nan,nan,nan,nan,nan
1.7750000000000001,0.3868503855539391,2.4890789007969705e-05,717364952.4942155,1.7740304476867348e-12,1.000017648623219e-12,1.8904050083171595e-12,5.184908838794889e-09,1.3982627936600479e-12,7.490312887117114e-08,1.2794222262917575e-05,0.5498253390347846,0.00014826153596372732,7.941564448357004,0.08404751431087963,nan,1.0,nan,0.21495217449379908,nan,1.0,nan,nan,nan,nan,nan
1.8,0.3691020830198743,2.1896128190201924e-05,927006603.7242186,5.293908144200484e-14,6.303059384188701e-13,2.5115984661405704e-14,4.4919216670358985e-09,8.056728454448246e-13,4.906195979694634e-08,0.00017170977069568197,9.287142614379915,0.001662017571414727,101.20594289553509,0.10803621630758471,nan,1.0,nan,0.25327855408053507,nan,1.0,nan,nan,nan,nan,nan
1.82,0.35478614480322357,1.9540569140830133e-05,1163973422.8688154,4.05397434333186e-12,2.7184002408740923e-12,4.60988985247343e-12,3.4250045580082795e-08,4.349048859107054e-12,2.967575899050595e-07,0.00026588723999680305,16.284746336396495,0.0020676203221544186,141.08297453283654,0.13253041624483256,nan,1.0,nan,0.28899583241960725,nan,1.0,nan,nan,nan,nan,nan
1.83,0.34759271628325344,1.8376278301368565e-05,1316140832.249535,1.5554946570049876e-13,1.4569587018333163e-12,4.0660055407953777e-13,3.680512330553702e-08,3.9162993406325106e-12,2.8416011556411173e-07,0.0002616126129709575,17.20260091933913,0.001830609694780023,132.83056609209865,0.14688272801267127,nan,1.0,nan,0.30878187525396944,nan,1.0,nan,nan,nan,nan,nan
1.84,0.340377449309779,1.7221029254277376e-05,1498646738.560693,1.4857229488681933e-12,4.344638787908745e-13,1.907792212498367e-12,2.9051868944799464e-08,2.578485559982614e-12,1.9963827257867233e-07,0.00033234430867324884,23.478780471952817,0.0020858519258035693,161.5018945139042,0.16285868354047883,nan,1.0,nan,0.32998734543123165,nan,1.0,nan,nan,nan,nan,nan
1.85,0.33314171548830457,1.6074859859938062e-05,1719978788.3109787,1.3223696573860255e-12,5.908672889479393e-13,1.473669008306705e-12,1.1436408005705702e-08,8.444861553791044e-13,7.003866000661054e-08,3.3543134345619516e-05,2.335053419286085,0.00017183578157888853,14.257238081952414,0.18078427174261036,nan,1.0,nan,0.3527246103405131,nan,1.0,nan,nan,nan,nan,nan
1.86,0.3258869027477324,1.4937808689274856e-05,1991790679.4184642,4.412453674481118e-12,2.7390462895945174e-12,4.212646379848384e-12,1.5933443975208246e-08,9.724846653485525e-13,8.680219473031378e-08,0.00031142713963168536,25.489453498774328,0.0015562343434932378,138.91104181609265,0.211481863482251,nan,1.0,nan,0.37711645206888356,nan,1.0,nan,nan,nan,nan,nan
1.87,0.3186144151065175,1.3809915046791854e-05,2330426810.105833,1.6679248611665525e-11,8.074189865672395e-12,1.60414045122713e-11,5.8093737369101115e-08,2.9198198848474526e-12,2.819086372976008e-07,0.00013578452160172588,12.066496936217362,0.0006059545979288589,58.50647767048435,0.23441154056033378,nan,1.0,nan,0.40329723843367504,nan,1.0,nan,nan,nan,nan,nan
1.8800000000000001,0.31132567243005554,1.269121899105663e-05,2759375511.4777,7.293417572151889e-12,7.301441329993343e-12,6.51475645007123e-12,7.829599394970835e-08,3.2158721432157047e-12,3.378636614624315e-07,5.776009067766058e-05,5.177490138843326,0.00021190522196855684,22.268725319416195,0.26034543798002696,nan,1.0,nan,0.43141425380375703,nan,1.0,nan,nan,nan,nan,nan
1.89,0.3040221101792764,1.158176135995781e-05,3313357197.246373,1.357368048033831e-12,3.094704203137665e-12,4.49662401384573e-12,3.3946430824030124e-07,1.1298041318112122e-11,1.3006924824405994e-06,0.0001516751055316876,16.22239272022321,0.000539706496529584,62.13897308406762,0.28907666980544977,nan,1.0,nan,0.4616292169010724,nan,1.0,nan,nan,nan,nan,nan
1.9,0.29670517915038164,1.0481583793187088e-05,4045420405.3382764,2.8348172615811137e-12,2.162034601031636e-12,4.957562552625155e-12,2.5571442933928305e-07,6.841498510676023e-12,8.70295856172805e-07,0.0005658659931522974,68.0897368382064,0.0018216942910781121,231.73535827493274,0.32146903382092273,nan,1.0,nan,0.4941200141718903,nan,1.0,nan,nan,nan,nan,nan
1.91,0.2893763452056932,9.390728758273958e-06,5039864829.947769,9.112706590496365e-12,9.905924882676023e-12,1.0431348075488618e-11,1.78107872371736e-07,3.789446929931823e-12,5.380373282506511e-07,0.0015257626253616131,206.50591901441655,0.004393984279811113,623.8769743864946,0.35800130160179156,nan,1.0,nan,0.5290826892184123,nan,1.0,nan,nan,nan,nan,nan
1.92,0.2820370889955572,8.309239576786975e-06,6437169130.180736,4.152947738720956e-13,6.701401166254554e-12,5.3852513307651216e-12,7.64413712927133e-07,1.2766630193735855e-11,2.048589688343523e-06,0.001325803686893066,203.76396970960016,0.0034030674588942864,546.0735946690852,0.39900365123548975,nan,1.0,nan,0.5667337306431672,nan,1.0,nan,nan,nan,nan,nan
1.93,0.27468890567128684,7.237160451534219e-06,8485571151.370196,1.7640406299941217e-11,8.794234926333093e-12,1.5761802354926798e-11,3.3453964779606456e-07,4.314508241175239e-12,7.948717966694078e-07,0.0014941711302108715,264.7081962949185,0.0034134187294039306,628.8700847747513,0.4454340721447049,nan,1.0,nan,0.6073127128914187,nan,1.0,nan,nan,nan,nan,nan
1.94,0.26733330458908844,6.17453649470745e-06,11657589493.147633,2.0932551377846716e-11,1.252842519822218e-11,2.26699398527539e-11,3.6245647457718837e-07,3.532463678256484e-12,7.627958619337726e-07,0.0024279044993673064,508.24861236393394,0.004953687342785314,1069.705572070271,0.4979165751650271,nan,1.0,nan,0.6510853555762618,nan,1.0,nan,nan,nan,nan,nan
1.95,0.2599718090049503,5.121413758746307e-06,16944850991.824368,4.125779899734974e-12,2.500621488758735e-12,3.1296737392824507e-12,2.5254337672218355e-07,1.8071579988797499e-12,4.705119476582929e-07,0.00016046305563733107,39.6221133385365,0.00028342916699669265,73.79794939429222,0.5574408857493255,nan,1.0,nan,0.6983470821503532,nan,1.0,nan,nan,nan,nan,nan
1.96,0.25260595576046624,4.0778392659812646e-06,26727434569.478043,4.2143529460645417e-11,2.5491455747512034e-11,4.005894369149973e-11,6.64794363128686e-07,3.3504844987267887e-12,1.0955669135368754e-06,0.00400945974649379,1283.8945010240243,0.006471016212940496,2115.850982194231,0.6248242857065731,nan,1.0,nan,0.7494271713546221,nan,1.0,nan,nan,nan,nan,nan
1.97,0.2452372949595598,3.0438610417737877e-06,47969792246.76154,3.4872542367986217e-12,2.129791971572e-12,3.1620925652965302e-12,2.868954188171677e-06,9.539589956083111e-12,4.1786701299936966e-06,0.0037566351592247184,1620.446158515529,0.005388039890788952,2360.192658706646,0.7014521908522029,nan,1.0,nan,0.8046936255896251,nan,1.0,nan,nan,nan,nan,nan
1.98,0.23786738963609966,2.019528148489158e-06,108972687150.21033,1.959702597579689e-11,1.1986241570675351e-11,2.529300820248923e-11,2.9336950878485927e-05,5.714976318920802e-11,3.77314379500885e-05,0.00624646558265938,4082.230843488384,0.007952382774481119,5250.320734973995,0.7882739952806286,nan,1.0,nan,nan,nan,nan,nan,nan,nan,nan,nan
1.985,0.2341824621781686,1.5109943248270419e-06,194666766696.01474,3.5031297426832763e-11,2.1483499900125138e-11,4.4890242562862225e-11,8.628665682244793e-06,1.1814103503573491e-11,1.042478978708986e-05,0.0015101008807583839,1323.3647934880855,0.0018118343356243523,1598.844440517813,0.8360807397203032,nan,1.0,nan,nan,nan,nan,nan,nan,nan,nan,nan
1.99,0.23049781541237613,1.0048907200799206e-06,440128823193.539,1.9304697565180754e-11,1.1883833920967138e-11,8.558576073558856e-11,8.750194279893337e-05,7.482662299625221e-11,9.92834280839551e-05,0.022404126662342646,29577.442206927597,0.02529292633998219,33559.829319036915,0.8871432613628737,nan,1.0,nan,nan,nan,nan,nan,nan,nan,nan,nan
1.992,0.22902407981992137,8.031311796163898e-07,689040117972.7706,7.20967985943801e-11,4.4388133431222207e-11,1.6291537018147337e-10,0.00015016750047323,1.0007953497353672e-10,0.00016614924351516074,0.0019702241567468672,3256.9065922699083,0.0021705320275466023,3603.5256969741267,0.9085189530738967,nan,1.0,nan,nan,nan,nan,nan,nan,nan,nan,nan
1.995,0.22681364820091748,5.012237743740044e-07,1769107227590.0366,1.2816357057916695e-11,7.901786523290623e-12,4.1393089946241654e-11,7.583739276697332e-05,3.03711319150593e-11,8.079200508411784e-05,0.021566031360610995,57224.49063039427,0.022917043309029037,60963.08152175767,0.9416886831077316,nan,1.0,nan,nan,nan,nan,nan,nan,nan,nan,nan
