alpha,delta,A_alpha,B_alpha,C_alpha
1.25,1e-10,1682.5480854231355,6746192341691.742,1441.6126446484018
1.25,1.0877514737307278e-10,1647.453340599585,6072906837571.186,1411.5314347996443
1.25,1.1832032686033702e-10,1613.0888691224488,5466816774537.791,1382.0761735335275
1.25,1.2870310991463354e-10,1579.4394750083045,4921215893099.44,1353.2338357214037
1.25,1.3999699748337049e-10,1546.4902784812386,4430067233878.021,1324.9916672696331
1.25,1.5228194033041324e-10,1514.2267093929947,3987936339919.291,1297.3371794797097
1.25,1.6564490501698245e-10,1482.634500780051,3589931125565.9937,1270.258143525758
1.25,1.8018048954820907e-10,1451.6996825547692,3231647746555.6484,1243.742585046945
1.25,1.9599159304358843e-10,1421.408575327805,2909121872406.8496,1217.7787788524042
1.25,2.1319014417199638e-10,1391.7477843590852,2618784821933.6167,1192.355243736359
1.25,2.318978935079554e-10,1362.704193634645,2357424076536.1597,1167.4607374011243
1.25,2.522472754183309e-10,1334.2649600667194,2122147734356.004,1143.0842514857593
1.25,2.7438234558085025e-10,1306.4175078145308,1910352511988.2043,1119.2150066981692
1.25,2.984598007712637e-10,1279.1495227232397,1719694939696.1294,1095.8424480484912
1.25,3.246500881383228e-10,1252.448946878622,1548065431410.1292,1072.956240181676
1.25,3.5313861181927136e-10,1226.3039732750613,1393564942599.9304,1050.5462628071953
1.25,3.8412704543763584e-10,1200.7030405944754,1254483957744.9585,1028.6026062238361
1.25,4.178347597746186e-10,1175.6348280939044,1129283574903.5024,1007.1155669376324
1.25,4.5450037572076605e-10,1151.0882505994703,1016578478085.3245,986.0756433709746
1.25,4.943834535014348e-10,1127.0524536045089,915121609020.6283,965.4735316610075
1.25,5.377663301342724e-10,1103.5168084697054,823790368721.7451,945.3001215454617
1.25,5.8495611812632e-10,1080.470907723101,741574196160.6371,925.5464923340866
1.25,6.362868795597129e-10,1057.904560457906,667563386622.9851,906.2039089639194
1.25,6.921219909566037e-10,1035.807787826081,600939026016.2347,887.2638181366409
1.25,7.528567156644912e-10,1014.1708186256793,540963929756.8113,868.7178445362966
1.25,8.189210019721259e-10,992.9840849800217,486974485977.2537,850.557787125733
1.25,8.907825267642241e-10,972.2382181067766,438373312800.0117,832.7756155200942
1.25,9.689500062613704e-10,951.9240441750794,394622648432.19775,815.3634664357824
1.25,1.0539767972822035e-09,932.0325802488646,355238400944.0895,798.3136402133125
1.25,1.1464648145217095e-09,912.5550303146024,319784791893.39435,781.6185974125164
1.25,1.24706879157642e-09,893.4827813917003,287869534528.1467,765.2709554786003
1.25,1.3565009158808488e-09,874.8073997238424,259139493216.03595,749.2634854775791
1.25,1.4755358703664754e-09,856.5206270495736,233276776072.65405,733.5891088996344
1.25,1.6050163175336858e-09,838.6143769504964,209995217554.44128,718.2408945289969
1.25,1.7458588647591325e-09,821.0807312754528,189037212096.9339,703.2120553789595
1.25,1.8990605530676097e-09,803.9119366391129,170170863763.195,688.4959456906682
1.25,2.065705915303183e-09,787.1004009934295,153187420363.88824,674.0860579943682
1.25,2.2469746536653196e-09,770.638690270425,137898963658.05847,659.9760202317929
1.25,2.4441499909600534e-09,754.5195250948465,124136330077.1921,646.1595929384399
1.25,2.658627754685743e-09,738.7357775652255,111747238965.79521,632.630666484479
1.25,2.8919262582608328e-09,723.2804681019123,100594607627.85916,619.3832583730676
1.25,3.1456970493438103e-09,708.1467623607058,90555034535.56885,606.4115105948906
1.25,3.421736601334132e-09,693.3279682107031,81517433917.26553,593.7096870377455
1.25,3.721999030819589e-09,678.8175327750358,73381806616.67014,581.2721709500307
1.25,4.048609930998349e-09,664.6090395331879,66058133623.18341,569.0934624570182
1.25,4.403881419004314e-09,650.6962054836034,59465380030.402176,557.168176128803
1.25,4.790328503657331e-09,637.0728783653432,53530598401.86866,545.4910385988657
1.25,5.210686889507574e-09,623.7330339375538,48188121622.97897,534.056886232189
1.25,5.667932343211246e-09,610.6707733155423,43378836308.12404,522.8606628418934
1.25,6.16530175933409e-09,597.8803203622894,39049528723.4711,511.89741745339086
1.25,6.706316074710306e-09,585.3560191342387,35152295988.1538,501.1623021150618
1.25,7.294805193570234e-09,573.0923313802359,31644016038.93715,490.65056975448795
1.25,7.93493509988459e-09,561.0838340925135,28485870493.628227,480.35757207929726
1.25,8.631237348857143e-09,549.3252171086314,25642915133.81378,470.27875752168404
1.25,9.388641146339095e-09,537.8112807633228,23083693254.409393,460.4096692257053
1.25,1.0212508243259302e-08,526.5369335892016,20779887601.812374,450.7459430764585
1.25,1.110867089209251e-08,515.49719006531,18706007049.426098,441.28330577026566
1.25,1.2083473134063268e-08,504.6871684125211,16839104543.688416,432.0175729250181
1.25,1.3143815709363002e-08,494.1020884348143,15158523199.734257,422.9446472298408
1.25,1.4297204908304728e-08,483.73726940547,13645667737.29505,414.06051663325997
1.25,1.5551805709238663e-08,473.58812799725115,12283798727.820599,405.3612525690724
1.25,1.6916499579398304e-08,463.65017625565247,11057847376.211224,396.8430082191307
1.25,1.840094734785578e-08,453.91901961432654,9954248787.75896,388.5020168122799
1.25,2.001565759567169e-08,444.3903549518045,8960791875.43128,380.3345899586896
1.25,2.177206104738152e-08,435.059968688654,8066484246.7528305,372.3371160188463
1.25,2.368259149044462e-08,425.9237349242319,7261430575.287016,364.50605850648446
1.25,2.5760773795493982e-08,416.9776136122098,6536723110.923395,356.83795452475124
1.25,2.802131966049255e-08,408.2176487740644,5884343117.490076,349.32941323491235
1.25,3.048023175658059e-08,399.63996674974175,5297072147.118916,341.9771143569215
1.25,3.315491701287467e-08,391.2407744847228,4768412169.633042,334.77780670119097
1.25,3.606430984217448e-08,383.0163578527333,4292513673.2051725,327.7283067309142
1.25,3.922900617990696e-08,374.9630800133562,3864110940.735506,320.8254971543053
1.25,4.2671409285185624e-08,367.0773798038192,3478463785.79584,314.06632554613077
1.25,4.641588833612773e-08,359.35577016424617,3131305103.46042,307.4478029979253
1.25,5.0488950942143935e-08,351.7948365956786,2818793655.6844797,300.96700279629596
1.25,5.49194307944356e-08,344.391235650183,2537471568.810527,294.62105912872823
1.25,5.973869178310005e-08,337.14169345237656,2284226072.921185,288.4071658163228
1.25,6.498085002581279e-08,330.0430042517177,2056255059.6925824,282.3225750729009
1.25,7.068301537985341e-08,323.09202900492227,1851036077.6531696,276.3645962899334
1.25,7.688555414716741e-08,316.28569398787744,1666298421.786981,270.5305948467521
1.25,8.363237483218501e-08,309.62098943643963,1499998008.6586337,264.8179909455197
1.25,9.097123897530988e-08,303.09496821551494,1350294759.0586066,259.2242584704414
1.25,9.895409926250376e-08,296.7047445158354,1215532237.9125407,253.74692387071605
1.25,1.0763746730448541e-07,290.447492577853,1094219326.1743832,248.38356506673114
1.25,1.1708281368909704e-07,284.32044544218746,985013721.9067216,243.13181037901782
1.25,1.2735700313885552e-07,278.3208937260753,886707087.9912302,237.98933747949314
1.25,1.3853276785421932e-07,272.4461844252802,798211682.1317661,232.9538723645259
1.25,1.5068922239342416e-07,266.6937197409332,718548321.2138929,228.0231883493713
1.25,1.6391242373378453e-07,261.06095593078527,646835546.8489796,223.19510508353022
1.25,1.7829598047919966e-07,255.54540218436279,582279872.2219088,218.46748758659666
1.25,1.939417155265149e-07,250.14461952153047,524167002.32581264,213.838245304169
1.25,2.1096038688183258e-07,244.8562197139739,471853930.4375613,209.3053311834062
1.25,2.294724717295179e-07,239.6778642291232,424761823.38316286,204.8667407678199
1.25,2.4960901930441587e-07,234.60726319605317,382369616.87003255,200.52051131090272
1.25,2.715125786048606e-07,229.6421743929014,344208250.01982963,196.2647209082012
1.25,2.9533820751386784e-07,224.78040225535733,309855475.3081696,192.09748764744913
1.25,3.2125457047220123e-07,220.01979690578221,278931186.48428124,188.01696877638477
1.25,3.4944513247386884e-07,215.35825320253255,251093212.77502203,184.02135988788504
1.25,3.8010945783648106e-07,210.7937098090654,226033532.8370055,180.10889412205606
1.25,4.1346462294062107e-07,206.32414828241505,203474866.56500822,176.27784138492717
1.25,4.4974675293918027e-07,201.94759218063624,183167607.04573068,172.5265075834025
1.25,4.892126933152029e-07,197.66210618882076,164887058.70962608,168.85323387613207
1.25,5.321418281213915e-07,193.4657952633004,148430951.12152776,165.25639593997178
1.25,5.788380577728086e-07,189.35680379365814,133617200.90068695,161.73440325170696
1.25,6.296319503938047e-07,185.3333147821763,120281897.00633422,158.28569838472254
1.25,6.848830819488135e-07,181.3935490403591,108277487.09637351,154.9087563203078
1.25,7.449825817230663e-07,177.53576440217512,97471144.89164934,151.60208377329295
1.25,8.103559011729893e-07,173.75825495367087,87743300.48101293,148.36421853171788
1.25,8.814658257473113e-07,170.0593502786147,78986317.3053202,145.19372881024114
1.25,9.588157509999107e-07,166.4374147198379,71103301.1814685,142.0892126170039
1.25,1.0429532461863896e-06,162.89084665594672,64007028.18857312,139.0492971336686
1.25,1.1344739305714942e-06,159.4180777930848,57618979.55356792,136.07263810835838
1.25,1.2340256898882342e-06,156.01757247143271,51868472.85744081,133.15791926122805
1.25,1.342313262797505e-06,152.68782698613873,46691879.9490844,130.30385170240464
1.25,1.4601032298162907e-06,149.42736892237966,42031922.913142875,127.50917336203969
1.25,1.588229440031669e-06,146.23475650425885,37837040.30188593,124.77264843222187
1.25,1.7275989140169765e-06,143.10857795725204,34060816.61859823,122.09306682050176
1.25,1.8791982647375713e-06,140.04745088391996,30661468.739838272,119.46924361478854
1.25,2.044100681900524e-06,137.05002165261175,27601383.59393681,116.9000185593815
1.25,2.223473529191285e-06,134.11496479888862,24846701.980243735,114.38425554190452
1.25,2.418586608179083e-06,131.2409824394028,22366943.924170732,111.9208420909167
1.25,2.6308211473921996e-06,128.4268036979729,20134671.422661874,109.50868888397677
1.25,2.8616795801978352e-06,125.67118414360195,18125184.848441806,107.14672926594451
1.25,3.112796180705332e-06,122.97290524018977,16316249.65381787,104.83391877730551
1.25,3.385948632985606e-06,120.3307738076956,14687850.350070786,102.56923469231052
1.25,3.6830706155066364e-06,117.7436214945133,13221969.040267803,100.35167556672569
1.25,4.006265489871691e-06,115.21030426082588,11902386.055010334,98.18026079499361
1.25,4.357821190764496e-06,112.72970187271078,10714500.485192271,96.05403017660923
1.25,4.740226422509076e-06,110.3007174067718,9645168.626001436,93.97204349151868
1.25,5.156188276901584e-06,107.9222767650791,8682558.544581152,91.93338008435352
1.25,5.6086513970328115e-06,105.59332820020263,7816019.162173556,89.93713845731655
1.25,6.100818822764358e-06,103.31284185012929,7035962.402165999,87.98243587153938
1.25,6.636174665426095e-06,101.07980928285714,6333757.100033224,86.0684079567347
1.25,7.218508772251754e-06,98.89324305046658,5701633.501311231,84.19420832897136
1.25,7.85194355515505e-06,96.75217625247022,5132597.2908929605,82.35900821640304
1.25,8.540963173770412e-06,94.65566210824954,4620352.202397876,80.56199609278532
1.25,9.29044527934864e-06,92.60277353838775,4159230.351304328,78.80237731861807
1.25,1.0105695544226167e-05,90.59260275471492,3744129.520995466,77.07937378975565
1.25,1.0992485221306085e-05,88.6242608588837,3370456.7078019874,75.3922235933289
1.25,1.1957091999438964e-05,86.69687744929831,3034077.300379386,73.74018067082713
1.25,1.3006344443923628e-05,84.80960023622237,2731269.3311001463,72.1225144881906
1.25,1.414767033672739e-05,82.961594664896,2458682.2932621734,70.538509712768
1.25,1.538914925863175e-05,81.15204354649552,2213300.0684345267,68.98746589699616
1.25,1.673956978553886e-05,79.38014669677217,1992407.553739256,67.46869716866186
1.25,1.820849170383826e-05,77.64512058221034,1793560.61980722,65.98153192760886
1.25,1.9806313685263796e-05,75.94619797354851,1614559.0669989705,64.52531254875586
1.25,2.1544346900318823e-05,74.28262760651039,1453422.2806569852,63.09939509129461
1.25,2.3434895091387883e-05,72.65367384959553,1308367.3160196885,61.703149013939026
1.25,2.549134167238217e-05,71.05861637878272,1177789.1703114132,60.335956896099475
1.25,2.7728244471507223e-05,69.4967498590023,1060243.0237231432,58.99721416485912
1.25,3.016143878784795e-05,67.96738363223686,954428.2527842133,57.6863288276316
1.25,3.280814949132081e-05,66.46984141211196,859174.039236261,56.40272121038168
1.25,3.568711295956224e-05,65.00346098484198,773426.4151746333,55.145823701293125
1.25,3.8818709714958786e-05,63.56759391639888,696236.60111446,53.91508049977046
1.25,4.222510870077182e-05,62.16160526577441,626750.5079445553,52.70994737066378
1.25,4.5930424217704824e-05,60.78487330420906,564199.2866104468,51.529891403607756
1.25,4.9960886631885935e-05,59.43678924026323,507890.82096075965,50.37439077736848
1.25,5.434502806272774e-05,58.11675695060939,457202.0696270882,49.242934529093766
1.25,5.9113884365169984e-05,56.82419271642615,411572.17220186646,48.13502232836527
1.25,6.430121483616162e-05,55.558524965277535,370496.24343553465,47.05016425595217
1.25,6.994374120071093e-05,54.319194018363525,333519.7867870891,45.98788058716873
1.25,7.608140756931394e-05,53.10565184302963,300233.6655151315,44.94770157973968
1.25,8.275766320702957e-05,51.917361810426804,270269.5756655956,43.92916726608012
1.25,9.001977011595783e-05,50.75379845821394,243295.97086570444,42.931827249897665
1.25,9.791913760853445e-05,49.61444725819819,219014.39383285603,41.95524050702702
1.25,0.0001065116862401253,48.49880438881027,197156.17400735663,40.99897519040881
1.25,0.0001158582436772414,47.40637651231449,177479.4547690009,40.0626084391267
1.25,0.00012602497530377337,46.336680556654585,159766.51734427066,39.14572619141821
1.25,0.00013708385261355807,45.28924350183906,143821.37179374538,38.24792300157634
1.25,0.00014911316270508368,44.26360217077146,129467.58842450769,37.36880186066126
1.25,0.0001621980624851049,43.25930302443336,116546.345632577,36.507974020942875
1.25,0.0001764311815044419,42.27590196132922,104914.67257515623,35.66505882399647
1.25,0.0001919132776935102,41.31296412110449,94443.8672282265,34.839683532375275
1.25,0.00020875395063961013,40.3700636922502,85018.07232563096,34.03148316478588
1.25,0.000227072417455348,39.446783723808885,76532.99342271256,33.24010033469333
1.25,0.00024699835673065436,38.5427159409988,68894.7449001478,32.46518509228468
1.25,0.0002686728265428373,37.65746056467457,62018.811139249614,31.706394769721065
1.25,0.0002922492630233715,36.790626134544716,55829.11137436352,30.963393829609757
1.25,0.0003178945665503921,35.94182933606768,50257.15787514496,30.23585371662944
1.25,0.0003457902832561806,35.110694830950116,45241.29814418035,29.523452712242957
1.25,0.0003761338902136763,34.296855091172056,40726.032745027216,28.825875792433195
1.25,0.00040914019339999817,33.49995023646584,36661.40121258418,28.142814488399292
1.25,0.00044504284833332393,32.71962787517695,33002.429251018126,27.47396675015167
1.25,0.00048409601414789487,31.95554294843631,29708.631102609022,26.81903681294541
1.25,0.000526576152816544,31.207357577575095,26743.56158132754,26.17773506649294
1.25,0.0005727839862576526,30.47474091471458,24074.412814491625,25.54977792689821
1.25,0.0006230466251811238,29.757368996465118,21671.651230532945,24.934887711255815
1.25,0.0006777198847437252,29.054924600669445,19508.6907762188,24.332792514859523
1.25,0.0007371908034066062,28.367097106126856,17561.59874754618,23.743226090965873
1.25,0.0008018803828262751,27.693582355236362,15808.830979388944,23.16592773305974
1.25,0.0008722465681750427,27.034082519498103,14230.993463827157,22.600642159569805
1.25,0.0009487874899889744,26.388305967813505,12810.6277595151,22.047119400983004
1.25,0.0010320449904927852,25.755967137525825,11532.017817687509,21.50511468930785
1.25,0.001122608459364942,25.136786408144232,10381.016087374534,20.974388349837913
1.25,0.0012211190060968,24.530489977695527,9344.886975716066,20.454705695167597
1.25,0.0013282739984823986,23.936809741648833,8412.165931296602,19.945836921413285
1.25,0.0014448319993674355,23.35548317435961,7572.532591287059,19.44755700659395
1.25,0.0015716181366052422,22.7862532129807,6816.696588793529,18.959645611126316
1.25,0.001709529944234296,22.22886814378907,6136.294756895192,18.481886980390634
1.25,0.001859543716227668,21.683081490877893,5523.798591955545,18.014069849323906
1.25,0.0020227214177933606,21.14865190716479,4972.430952307828,17.555987348998393
1.25,0.002200218203151435,20.62534306766804,4476.091070603173,17.107436915144035
1.25,0.0023932905930071522,20.112923565003584,4029.287050098813,16.6682201985745
1.25,0.0026033053696094227,19.611166807056605,3627.075097971932,16.23814297747709
1.25,0.0028317492523637668,19.119850916782394,3265.0048232884164,15.817015071527765
1.25,0.003080239422494574,18.638758634092188,2939.0699943600985,15.404650257793305
1.25,0.0033505349712619655,18.167677219780717,2645.664210630979,15.000866188383473
1.25,0.0036445493527765523,17.706398361452838,2381.5409986111017,14.605484309816717
1.25,0.003964363929567065,17.254718081407695,2143.7778903279295,14.218329784063739
1.25,0.004312242706791514,16.812436646439675,1929.7440868308627,13.839231411234008
1.25,0.004690648359397062,16.37935847951633,1737.0713489523573,13.468021553871141
1.25,0.005102259665686786,15.955292073294142,1563.6277932380044,13.104536062823552
1.25,0.005549990470707651,15.540049905433882,1407.4943031030054,12.748614204657613
1.25,0.006037010313703743,15.13344835567813,1266.9432942094572,12.400098590581253
1.25,0.006566766865658864,14.73530762465435,1140.4195991078225,12.058835106846587
1.25,0.007143010335766556,14.345451654367551,1026.5232596351157,11.724672846600757
1.25,0.0077698200196038925,13.963708050347343,923.9940366712966,11.397464043154866
1.25,0.008451633176946647,13.589908005415015,831.6974658575888,11.077064004641441
1.25,0.009193276443655246,13.223886225036956,748.6123049861749,10.763331050031677
1.25,0.01,12.865480854231357,673.8192341692542,10.45612644648402
1.5,1e-10,399998.0,2666666666666666.0,266664.6666666667
1.5,1.0877514737307278e-10,383524.3003999651,2350575535326167.5,255682.2002666434
1.5,1.1832032686033702e-10,367729.05774621066,2071952005227713.0,245152.03849747378
1.5,1.2870310991463354e-10,352584.3302989245,1826354885196835.8,235055.55353261635
1.5,1.3999699748337049e-10,338063.3270778666,1609869416987667.8,225374.88471857773
1.5,1.5228194033041324e-10,324140.36046919576,1419044874990379.8,216092.90697946385
1.5,1.6564490501698245e-10,310790.8007841557,1250839562505880.0,207193.2005227705
1.5,1.8018048954820907e-10,297991.0326892265,1102572327841653.4,198660.02179281766
1.5,1.9599159304358843e-10,285718.41343066224,971879827407080.0,190478.2756204415
1.5,2.1319014417199638e-10,273951.232779526,856678854592537.6,182633.48851968398
1.5,2.318978935079554e-10,262668.6746263551,755133133963673.5,175111.78308423675
1.5,2.522472754183309e-10,251850.78015752186,665624051478441.6,167899.8534383479
1.5,2.7438234558085025e-10,241478.41254815023,586724854173716.5,160984.9416987668
1.5,2.984598007712637e-10,231533.2231091234,517177908070706.8,154354.81540608229
1.5,3.246500881383228e-10,221997.61882830606,455874651795810.7,147997.74588553738
1.5,3.5313861181927136e-10,212854.73124855664,401837926382462.94,141902.48749903776
1.5,3.8412704543763584e-10,204088.3866274714,354206399595305.56,136058.2577516476
1.5,4.178347597746186e-10,195683.07732608155,312220836504258.7,130454.7182173877
1.5,4.5450037572076605e-10,187623.93437588285,275211997464743.12,125081.95625058857
1.5,4.943834535014348e-10,179896.7011756721,242589970600825.66,119930.46745044806
1.5,5.377663301342724e-10,172487.70827166093,213834768753673.16,114991.13884777395
1.5,5.8495611812632e-10,165383.84917624842,188488041012942.12,110255.23278416561
1.5,6.362868795597129e-10,158572.5571826826,166145766714965.34,105714.37145512173
1.5,6.921219909566037e-10,152041.78313459244,146451815451827.3,101360.52208972829
1.5,7.528567156644912e-10,145779.9741110621,129092270439437.98,97185.98274070806
1.5,8.189210019721259e-10,139776.05298954784,113790424760494.56,93183.36865969856
1.5,8.907825267642241e-10,134019.3988504789,100302370723646.77,89345.5992336526
1.5,9.689500062613704e-10,128499.82818888049,88413112034331.77,85665.88545925367
1.5,1.0539767972822035e-09,123207.5768997832,77933136806231.89,82137.7179331888
1.5,1.1464648145217095e-09,118133.28300554713,68695396787983.414,78754.85533703142
1.5,1.24706879157642e-09,113267.97009455066,60552644654758.68,75511.31339636711
1.5,1.3565009158808488e-09,108603.03144194424,53375086921790.41,72401.35429462949
1.5,1.4755358703664754e-09,104130.2147843769,47048315067850.5,69419.47652291793
1.5,1.6050163175336858e-09,99841.60772176656,41471481891302.516,66560.40514784437
1.5,1.7458588647591325e-09,95729.62372028628,36555694030281.63,63819.08248019085
1.5,1.8990605530676097e-09,91786.98869180716,32222595024168.043,61190.65912787144
1.5,2.065705915303183e-09,88006.72812605758,28403116330699.473,58670.485417371725
1.5,2.2469746536653196e-09,84382.15475273304,25036376390236.92,56254.10316848869
1.5,2.4441499909600534e-09,80906.8567117344,22068710188540.504,53937.23780782294
1.5,2.658627754685743e-09,77574.68621060596,19452813849519.918,51715.79080707064
1.5,2.8919262582608328e-09,74379.74864910672,17146990622975.766,49585.832432737814
1.5,3.1456970493438103e-09,71316.39219168,15114486248562.688,47543.59479445333
1.5,3.421736601334132e-09,68379.19776937198,13322903101835.639,45585.46517958132
1.5,3.721999030819589e-09,65562.96949351381,11743683784010.838,43707.97966234254
1.5,4.048609930998349e-09,62862.72546420981,10351655923988.363,41907.816976139875
1.5,4.403881419004314e-09,60273.68895736967,9124630936890.39,40181.79263824644
1.5,4.790328503657331e-09,57791.27997469743,8043050343425.4375,38526.85331646495
1.5,5.210686889507574e-09,55411.107141687724,7089674012494.633,36940.071427791816
1.5,5.667932343211246e-09,53128.95993929594,6249305357702.77,35418.63995953063
1.5,6.16530175933409e-09,50940.80125554232,5508549107474.5,33959.86750369488
1.5,6.706316074710306e-09,48842.7602438721,4855597787689.556,32561.173495914732
1.5,7.294805193570234e-09,46831.125475638815,4280043513422.4956,31220.083650425877
1.5,7.93493509988459e-09,44902.33837459777,3772712089793.311,29934.22558306518
1.5,8.631237348857143e-09,43052.98692179416,3325516777536.4536,28701.32461452944
1.5,9.388641146339095e-09,41279.799619711404,2931329392347.6167,27519.19974647427
1.5,1.0212508243259302e-08,39579.6397050015,2583866683362.982,26385.759803334335
1.5,1.110867089209251e-08,37949.49959955898,2277590179671.4434,25298.99973303932
1.5,1.2083473134063268e-08,36386.495590124025,2007617908437.9807,24256.997060082682
1.5,1.3143815709363002e-08,34887.862727001746,1769646577446.294,23257.90848466783
1.5,1.4297204908304728e-08,33450.949932874006,1559882981669.5198,22299.966621916003
1.5,1.5551805709238663e-08,32073.21531305107,1374983540506.425,21381.47687536738
1.5,1.6916499579398304e-08,30752.22165886696,1212001001921.3809,20500.81443924464
1.5,1.840094734785578e-08,29485.632136264278,1068337463965.1187,19656.421424176184
1.5,2.001565759567169e-08,28271.206151941366,941702964850.7217,18846.804101294245
1.5,2.177206104738152e-08,27106.79538974901,830078981520.7552,18070.530259832674
1.5,2.368259149044462e-08,25990.34001032517,731686254881.6022,17326.226673550114
1.5,2.5760773795493982e-08,24919.865007244982,644956428847.0895,16612.576671496656
1.5,2.802131966049255e-08,23893.476713240016,568507051124.6571,15928.317808826678
1.5,3.048023175658059e-08,22909.35945030615,501119537262.6867,15272.239633537434
1.5,3.315491701287467e-08,21965.77231777424,441719746711.28656,14643.181545182828
1.5,3.606430984217448e-08,21061.046112661777,389360861283.6779,14040.030741774519
1.5,3.922900617990696e-08,20193.580376857575,343208293105.02203,13461.720251238383
1.5,4.2671409285185624e-08,19361.840565915794,302526381485.0651,12907.227043943863
1.5,4.641588833612773e-08,18564.355334451127,266666666666.00052,12375.570222967419
1.5,5.0488950942143935e-08,17799.713933332976,235057553531.94992,11865.809288888651
1.5,5.49194307944356e-08,17066.56371407425,207195200522.1038,11377.0424760495
1.5,5.973869178310005e-08,16363.60773599996,182635488519.0173,10908.405157333307
1.5,6.498085002581279e-08,15689.602471962784,160986941698.1005,10459.068314641856
1.5,7.068301537985341e-08,15043.355608547068,141904487498.37125,10028.237072364713
1.5,7.688555414716741e-08,14423.72393686979,125083956249.92163,9615.149291246527
1.5,8.363237483218501e-08,13829.611330247226,110257232783.49896,9219.074220164817
1.5,9.097123897530988e-08,13259.966805149896,97187982740.04158,8839.311203433264
1.5,9.895409926250376e-08,12713.782662015696,85667885458.58708,8475.188441343797
1.5,1.0763746730448541e-07,12190.092702632237,75513313395.70044,8126.061801754825
1.5,1.1708281368909704e-07,11687.970520934883,66562405147.177704,7791.313680623255
1.5,1.2735700313885552e-07,11206.527864197022,58672485416.70518,7470.351909464681
1.5,1.3853276785421932e-07,10744.913061713503,51717790806.40402,7162.608707809002
1.5,1.5068922239342416e-07,10302.309518197593,45587465178.91456,6867.5396787983955
1.5,1.6391242373378453e-07,9877.934269226174,40183792637.57978,6584.622846150783
1.5,1.7829598047919966e-07,9471.036596177868,35420639958.86404,6313.357730785246
1.5,1.939417155265149e-07,9080.89669821393,31222083649.759243,6053.264465475953
1.5,2.1096038688183258e-07,8706.824418952609,27521199745.807606,5803.882945968406
1.5,2.294724717295179e-07,8348.158025584424,24258997059.41602,5564.7720170562825
1.5,2.4960901930441587e-07,8004.263038268677,21383476874.700756,5335.508692179118
1.5,2.715125786048606e-07,7674.531107740416,18848804100.627594,5115.687405160277
1.5,2.9533820751386784e-07,7358.3789391423115,16614576670.82997,4904.919292761541
1.5,3.2125457047220123e-07,7055.247260177676,14645181544.516161,4702.831506785117
1.5,3.4944513247386884e-07,6764.599831759335,12909227043.277224,4509.066554506223
1.5,3.8010945783648106e-07,6485.922499404202,11379042475.382845,4323.281666269469
1.5,4.1346462294062107e-07,6218.722283695465,10030237071.698034,4145.14818913031
1.5,4.4974675293918027e-07,5962.526508203359,8841311202.766596,3974.3510054689064
1.5,4.892126933152029e-07,5716.881963321891,7793313679.956604,3810.5879755479273
1.5,5.321418281213915e-07,5481.354104542329,6869539678.131737,3653.5694030282193
1.5,5.788380577728086e-07,5255.526283745201,6055264464.80928,3503.0175224968007
1.5,6.296319503938047e-07,5038.999012150935,5337508691.51245,3358.6660081006235
1.5,6.848830819488135e-07,4831.389253625317,4704831506.118461,3220.259502416878
1.5,7.449825817230663e-07,4632.329747089661,4147148188.463648,3087.553164726441
1.5,8.103559011729893e-07,4441.468356837005,3655569402.361549,2960.3122378913363
1.5,8.814658257473113e-07,4258.46744960502,3222259501.7502112,2838.3116330700136
1.5,9.588157509999107e-07,4083.0032973037205,2840311632.4033527,2721.3355315358135
1.5,1.0429532461863896e-06,3914.7655043413824,2503637638.3570895,2609.177002894255
1.5,1.1344739305714942e-06,3753.4564585356306,2206871018.187455,2501.6376390237538
1.5,1.2340256898882342e-06,3598.790804638313,1945281384.2853959,2398.5272030922088
1.5,1.342313262797505e-06,3450.494939542864,1714699061.6309798,2299.663293028576
1.5,1.4601032298162907e-06,3308.3065282811863,1511448624.189667,2204.871018854124
1.5,1.588229440031669e-06,3171.974039953836,1332290309.5169582,2113.9826933025574
1.5,1.7275989140169765e-06,3041.256302772564,1174368377.7344863,2026.8375351817094
1.5,1.8791982647375713e-06,2915.922077428094,1035165591.7322384,1943.2813849520626
1.5,2.044100681900524e-06,2795.7496480284403,912463093.0224379,1863.1664320189602
1.5,2.223473529191285e-06,2680.5264298841275,804305033.6759453,1786.350953256085
1.5,2.418586608179083e-06,2570.0485934464646,708967400.5828648,1712.699062297643
1.5,2.6308211473921996e-06,2464.120703733641,624930535.1036782,1642.0804691557607
1.5,2.8616795801978352e-06,2362.5553746068017,550854910.0808495,1574.3702497378679
1.5,3.112796180705332e-06,2265.1729372844984,485559778.1023536,1509.4486248563323
1.5,3.385948632985606e-06,2171.801122509114,428004350.67565036,1447.2007483394093
1.5,3.6830706155066364e-06,2082.2747558030296,377271208.3127319,1387.5165038686864
1.5,4.006265489871691e-06,1996.4354652754394,332551677.087045,1330.2903101836262
1.5,4.357821190764496e-06,1914.1314014629286,293132938.56816226,1275.420934308619
1.5,4.740226422509076e-06,1835.216968708193,258386667.66969875,1222.8113124721287
1.5,5.156188276901584e-06,1759.5525676017292,227759017.30054477,1172.3683784011528
1.5,5.6086513970328115e-06,1687.0043480308748,200761790.17719784,1124.0028986872499
1.5,6.100818822764358e-06,1617.4439723993394,176964657.0780292,1077.6293149328928
1.5,6.636174665426095e-06,1550.7483885983545,155988297.5003523,1033.165592398903
1.5,7.218508772251754e-06,1486.7996123278356,137498353.3840428,990.5330748852238
1.5,7.85194355515505e-06,1425.4845183824912,121200099.52553797,949.6563455883274
1.5,8.540963173770412e-06,1366.6946405336555,106833745.72991174,910.4630936891036
1.5,9.29044527934864e-06,1310.3259796528325,94170295.81847234,872.8839864352217
1.5,1.0105695544226167e-05,1256.2788197375266,83007897.48547569,836.8525464916844
1.5,1.0992485221306085e-05,1204.4575515139193,73168624.82156013,802.3050343426129
1.5,1.1957091999438964e-05,1154.7705033043333,64495642.21810887,769.1803355362222
1.5,1.3006344443923628e-05,1107.1297788602913,56850704.44586582,737.4198525735275
1.5,1.414767033672739e-05,1061.4511018742971,50111953.05966877,706.9674012495315
1.5,1.538914925863175e-05,1017.653666895288,44171974.00452861,677.7691112635254
1.5,1.673956978553886e-05,975.6599963840193,38936085.461767755,649.7733309226795
1.5,1.820849170383826e-05,935.3958036555154,34320828.64390228,622.9305357703436
1.5,1.9806313685263796e-05,896.7898614661298,30252637.481906578,597.1932409774198
1.5,2.1544346900318823e-05,859.7738760127538,26666666.000000026,572.5159173418359
1.5,2.3434895091387883e-05,824.2823661212734,23505754.686594967,548.8549107475156
1.5,2.549134167238217e-05,790.2525474105536,20719519.385610424,526.1683649403691
1.5,2.7728244471507223e-05,757.6242212270438,18263548.18530177,504.41614748469584
1.5,3.016143878784795e-05,726.3396681535311,16098693.503210032,483.55977876902074
1.5,3.280814949132081e-05,696.3435459036544,14190448.08323711,463.5623639357696
1.5,3.568711295956224e-05,667.5827914215544,12508394.95839219,444.3885276143696
1.5,3.8818709714958786e-05,640.0065270134755,11025722.611749917,426.004351342317
1.5,4.222510870077182e-05,613.5659703452708,9718797.60740415,408.37731356351384
1.5,4.5930424217704824e-05,588.2143481465902,8566787.8792587,391.4762320977268
1.5,4.9960886631885935e-05,563.9068134690967,7551330.67297006,375.27120897939784
1.5,5.434502806272774e-05,540.6003663523395,6656239.848117785,359.73357756822634
1.5,5.9113884365169984e-05,518.2537777569456,5867247.875070511,344.83585183796373
1.5,6.430121483616162e-05,496.827516630567,5171778.414040397,330.5516777537113
1.5,6.994374120071093e-05,476.28367997755856,4558745.851291466,316.8557866517057
1.5,7.608140756931394e-05,456.58592580868475,4018378.5971579864,303.72395053912317
1.5,8.275766320702957e-05,437.69940885224383,3542063.3292863998,291.1329392348292
1.5,9.001977011595783e-05,419.5907189128814,3122207.698375921,279.0604792752543
1.5,9.791913760853445e-05,402.22782176904747,2752119.307980766,267.4852145126983
1.5,0.0001065116862401253,385.58000250454813,2425899.0393416067,256.3866683363654
1.5,0.0001158582436772414,369.617811173946,2138347.0208700737,245.74520744929734
1.5,0.00012602497530377337,354.31301070569043,1884879.743462758,235.54200713712694
1.5,0.00013708385261355807,339.63852695081647,1661457.0004830004,225.75901796721098
1.5,0.00014911316270508368,325.568400788851,1464517.487851619,216.37893385923402
1.5,0.0001621980624851049,312.07774220620223,1290922.037727721,207.38516147080148
1.5,0.0001764311815044419,299.1426862657965,1137903.5809382831,198.76179084386433
1.5,0.0001919132776935102,286.7403508900708,1003023.0405698055,190.49356726004717
1.5,0.00020875395063961013,274.8487963826415,884130.4536766615,182.56586425509434
1.5,0.000227072417455348,263.44698661704405,779330.7013956597,174.96465774469604
1.5,0.00024699835673065436,252.5147518238846,686953.3012131728,167.67650121592308
1.5,0.0002686728265428373,242.03275291057435,605525.7798809294,160.6885019403829
1.5,0.0002922492630233715,231.98244725052845,533750.2025512463,153.98829816701897
1.5,0.0003178945665503921,222.34605588131268,470482.4840118455,147.56403725420844
1.5,0.0003457902832561806,213.10653205370897,414714.1522463644,141.40435470247266
1.5,0.0003761338902136763,204.24753107606378,365556.2736361557,135.4983540507092
1.5,0.00040914019339999817,195.75338140057391,322225.28357502184,129.8355876003826
1.5,0.00044504284833332393,187.60905690036324,284030.496640335,124.40603793357549
1.5,0.00048409601414789487,179.80015028830678,250363.09723570873,119.20010019220452
1.5,0.000526576152816544,172.31284763057985,220686.43521874593,114.20856508705323
1.5,0.0005727839862576526,165.1339039098478,194527.47182854,109.42260260656519
1.5,0.0006230466251811238,158.2506195948678,171469.23956309783,104.83374639657853
1.5,0.0006777198847437252,151.65081817505433,151144.19581896657,100.43387878336955
1.5,0.0007371908034066062,145.32282462026575,133228.36435169607,96.2152164135105
1.5,0.0008018803828262751,139.25544472770855,117436.17117344886,92.17029648513903
1.5,0.0008722465681750427,133.4379453194244,103515.89257322374,88.29196354628293
1.5,0.0009487874899889744,127.86003525532888,91245.6427022437,84.57335683688592
1.5,0.0010320449904927852,122.51184722821328,80429.8367675947,81.00789815214219
1.5,0.001122608459364942,117.38392030850572,70896.07345828663,77.58928020567048
1.5,0.0012211190060968,112.46718320791352,62492.38691036776,74.31145547194235
1.5,0.0013282739984823986,107.7529382323401,55084.82440808489,71.16862548822674
1.5,0.0014448319993674355,103.2328458956882,48555.311210235464,68.15523059712547
1.5,0.0015716181366052422,98.89891016733236,42799.768467565125,65.26594011155491
1.5,0.001709529944234296,94.74346432716341,37726.45423127315,62.495642884775606
1.5,0.001859543716227668,90.75915740318236,33254.50110870447,59.839438268788236
1.5,0.0020227214177933606,86.9389411676514,29312.627256816282,57.292627445100926
1.5,0.002200218203151435,83.27605766879873,25838.00016696993,54.85070511253249
1.5,0.0023932905930071522,79.76402727602103,22775.235130054454,52.50935151734735
1.5,0.0026033053696094227,76.39663721743537,20075.512417719765,50.26442481162358
1.5,0.0028317492523637668,73.167930589503,17695.799107802955,48.11195372633534
1.5,0.003080239422494574,70.07219581928364,15598.163150035261,46.04813054618909
1.5,0.0033505349712619655,67.10395656067914,13749.168738404265,44.06930437378609
1.5,0.0036445493527765523,64.25796200679284,12119.343352553786,42.17197467119522
1.5,0.003964363929567065,61.52917760126676,10682.707972991197,40.35278506751117
1.5,0.004312242706791514,58.912776132165426,9416.362981847255,38.608517421443615
1.5,0.004690648359397062,56.40412919265169,8300.12314854756,36.93608612843446
1.5,0.005102259665686786,53.998798993348196,7316.195882156005,35.33253266223213
1.5,0.005549990470707651,51.69253051190031,6448.897621810901,33.79502034126687
1.5,0.006037010313703743,49.48124396585342,5684.4038445865945,32.320829310568946
1.5,0.006566766865658864,47.36102759552942,5010.528705966873,30.90735173035295
1.5,0.007143010335766556,45.32813074413491,4416.530800452857,29.552087162756607
1.5,0.0077698200196038925,43.37895722285977,3892.9419461767834,28.25263814857318
1.5,0.008451633176946647,41.510058949229204,3431.416264390235,27.006705966152804
1.5,0.009193276443655246,39.71812984745563,3024.5971481906545,25.812086564970418
1.5,0.01,38.0,2666.0,24.666666666666668
1.75,1e-10,168654807.20898023,1.4456126446484017e+18,67461922.08359209
1.75,1.0877514737307278e-10,158343946.16749725,1.2477425850469473e+18,63337577.6669989
1.75,1.1832032686033702e-10,148663448.7446721,1.0769562401816808e+18,59465378.69786884
1.75,1.2870310991463354e-10,139574777.10257506,9.295464923340847e+17,55829910.04103003
1.75,1.3999699748337049e-10,131041749.44811976,8.023136402133125e+17,52416698.979247905
1.75,1.5228194033041324e-10,123030395.99417293,6.924959456906698e+17,49212157.59766917
1.75,1.6564490501698245e-10,115508823.72661346,5.97709687037743e+17,46203528.69064538
1.75,1.8018048954820907e-10,108447089.43897666,5.158974174533898e+17,43378834.97559066
1.75,1.9599159304358843e-10,101817080.5292346,4.4528330577026566e+17,40726831.41169384
1.75,2.1319014417199638e-10,95592403.0841747,3.8433458995869037e+17,38236960.43366988
1.75,2.318978935079554e-10,89748276.80583687,3.317283067309154e+17,35899309.922334746
1.75,2.522472754183309e-10,84261436.36171623,2.8632257507290032e+17,33704573.74468649
1.75,2.7438234558085025e-10,79110038.76600961,2.471318103790178e+17,31644014.706403844
1.75,2.984598007712637e-10,74273576.4231893,2.1330533118340666e+17,29709429.769275717
1.75,3.246500881383228e-10,69732795.48773684,1.8410889412205542e+17,27893117.395094737
1.75,3.5313861181927136e-10,65469619.215026945,1.5890875632030746e+17,26187846.886010777
1.75,3.8412704543763584e-10,61467075.99822089,1.3715791926122805e+17,24586829.599288356
1.75,4.178347597746186e-10,57709231.80469031,1.1838425554190477e+17,23083691.921876125
1.75,4.5450037572076605e-10,54181126.742999054,1.0218026079499397e+17,21672449.897199623
1.75,4.943834535014348e-10,50868715.50791872,8.819420832897115e+16,20347485.40316749
1.75,5.377663301342724e-10,47758811.46639178,7.61225144881906e+16,19103523.786556713
1.75,5.8495611812632e-10,44839034.16184717,6.570314901393915e+16,17935612.864738867
1.75,6.362868795597129e-10,42097760.027887575,5.670994737066356e+16,16839103.21115503
1.75,6.921219909566037e-10,39524076.1151389,4.894770157973958e+16,15809629.64605556
1.75,7.528567156644912e-10,37107736.647048585,4.224792300157634e+16,14843093.858819434
1.75,8.189210019721259e-10,34839122.231685,3.646518509228475e+16,13935648.092673998
1.75,8.907825267642241e-10,32709201.56715895,3.1473966750151784e+16,13083679.82686358
1.75,9.689500062613704e-10,30709495.48821813,2.716592773305968e+16,12283797.395287251
1.75,1.0539767972822035e-09,28832043.21088541,2.3447557006593948e+16,11532816.484354164
1.75,1.1464648145217095e-09,27069370.640760016,2.023814297747713e+16,10827747.456304006
1.75,1.24706879157642e-09,25414460.61881968,1.746802155387108e+16,10165783.447527872
1.75,1.3565009158808488e-09,23860724.98627196,1.507706400464141e+16,9544289.194508784
1.75,1.4755358703664754e-09,22401978.35724489,1.3013371794797096e+16,8960790.542897956
1.75,1.6050163175336858e-09,21032413.49490819,1.1232150066981716e+16,8412964.597963277
1.75,1.7458588647591325e-09,19746578.192996737,9694735316610114.0,7898630.477198694
1.75,1.8990605530676097e-09,18539353.570702557,8367756155200924.0,7415740.628281022
1.75,2.065705915303183e-09,17405933.694528136,7222408945289970.0,6962372.677811254
1.75,2.2469746536653196e-09,16341806.445975162,6233832583730690.0,6536721.778390065
1.75,2.4441499909600534e-09,15342735.558904609,5380568862321873.0,6137093.423561843
1.75,2.658627754685743e-09,14404743.755058648,4644096692257047.0,5761896.70202346
1.75,2.8919262582608328e-09,13524096.910606949,4008430082191307.0,5409637.96424278
1.75,3.1456970493438103e-09,12697289.190685658,3459771143569221.5,5078914.8762742635
1.75,3.421736601334132e-09,11921029.092749273,2986210591287294.5,4768410.83709971
1.75,3.721999030819589e-09,11192226.343174564,2577469238707156.0,4476889.737269825
1.75,4.048609930998349e-09,10507979.594952382,2224674875865965.8,4203191.037980953
1.75,4.403881419004314e-09,9865564.877491632,1920169687763851.5,3946225.150996653
1.75,4.790328503657331e-09,9262424.752555024,1657344032517064.0,3704969.1010220097
1.75,5.210686889507574e-09,8696158.133156257,1430492971336683.2,3478462.453262503
1.75,5.667932343211246e-09,8164510.7248877,1234692436147884.8,3265803.4899550797
1.75,6.16530175933409e-09,7665366.051626228,1065692346923106.9,3066145.620650491
1.75,6.706316074710306e-09,7196737.029890363,919824358715397.0,2878694.011956145
1.75,7.294805193570234e-09,6756758.058306548,793922235933287.2,2702702.423322619
1.75,7.93493509988459e-09,6343677.5906929895,685253125487558.0,2537470.2362771956
1.75,8.631237348857143e-09,5955851.163194426,591458237012931.9,2382339.6652777707
1.75,9.388641146339095e-09,5591734.847709339,510501642559519.6,2236693.1390837356
1.75,1.0212508243259302e-08,5249879.105547688,440626084391265.7,2099950.842219075
1.75,1.110867089209251e-08,4928923.016850573,380314831647858.4,1971568.406740229
1.75,1.2083473134063268e-08,4627588.862799592,328258757924332.0,1851034.7451198369
1.75,1.3143815709363002e-08,4344677.039047555,283327925148594.8,1737870.015619022
1.75,1.4297204908304728e-08,4079061.280121134,244547056951675.03,1631623.7120484537
1.75,1.5551805709238663e-08,3829684.1757838726,211074369151439.78,1531872.870313549
1.75,1.6916499579398304e-08,3595552.961510301,182183297840637.16,1438220.3846041206
1.75,1.840094734785578e-08,3375735.5663131787,157246728466007.1,1350293.4265252715
1.75,2.001565759567169e-08,3169356.9021902997,135723383572139.67,1267741.9608761198
1.75,2.177206104738152e-08,2975595.3804192487,117146073740111.86,1190237.3521676995
1.75,2.368259149044462e-08,2793679.640831553,101111556693762.88,1117471.0563326213
1.75,2.5760773795493982e-08,2622885.4810455735,87271784453629.14,1049153.3924182295
1.75,2.802131966049255e-08,2462532.9734334685,75326348547757.28,985012.3893733874
1.75,3.048023175658059e-08,2311983.758344906,65015959293843.48,924792.7033379623
1.75,3.315491701287467e-08,2170638.502811953,56116817612879.85,868254.6011247812
1.75,3.606430984217448e-08,2037934.5146182997,48435757207929.17,815173.0058473198
1.75,3.922900617990696e-08,1913343.5022344775,41806051663325.38,765336.6008937911
1.75,4.2671409285185624e-08,1796369.471701401,36083795452474.57,718546.9886805604
1.75,4.641588833612773e-08,1686546.752089804,31144780299792.02,674617.9008359216
1.75,5.0488950942143935e-08,1583438.141674972,26881799094551.414,633374.4566699888
1.75,5.49194307944356e-08,1486633.1674467179,23202318834936.535,594652.4669786871
1.75,5.973869178310005e-08,1395746.451025752,20026472090819.555,558297.7804103007
1.75,6.498085002581279e-08,1310416.174481199,17285323387612.672,524165.6697924796
1.75,7.068301537985341e-08,1230302.6399417287,14919372881023.55,492120.2559766915
1.75,7.688555414716741e-08,1155086.9172661358,12877264843221.6,462033.9669064543
1.75,8.363237483218501e-08,1084469.5743897676,11114672926593.889,433787.029755907
1.75,9.097123897530988e-08,1018169.485292347,9593338008434.799,407266.9941169388
1.75,9.895409926250376e-08,955922.7108417465,8280237731861.24,382368.2843366986
1.75,1.0763746730448541e-07,897481.4480583669,7146869716865.607,358991.77922334673
1.75,1.1708281368909704e-07,842613.043617163,6168632882762.592,337044.4174468652
1.75,1.2735700313885552e-07,791099.067660097,5324293452908.817,316438.82706403884
1.75,1.3853276785421932e-07,742734.4442318925,4595524050702.133,297092.977692757
1.75,1.5068922239342416e-07,697326.6348773692,3966505882399.0713,278929.85395094764
1.75,1.6391242373378453e-07,654694.8721502702,3423585371662.3745,261877.14886010805
1.75,1.7829598047919966e-07,614669.4399822095,2954977792689.2554,245866.9759928838
1.75,1.939417155265149e-07,577090.9980469028,2550511468930.215,230835.59921876114
1.75,2.1096038688183258e-07,541809.9474299895,2201406984931.8174,216723.17897199577
1.75,2.294724717295179e-07,508685.8350791878,1900086618837.777,203473.53403167514
1.75,2.4960901930441587e-07,477586.79466391826,1640009859057.5574,191033.91786556732
1.75,2.715125786048606e-07,448389.0216184714,1415531434799.0737,179354.80864738856
1.75,2.9533820751386784e-07,420976.2802788762,1221778778851.8315,168389.71211155047
1.75,3.2125457047220123e-07,395239.44115138944,1054546262806.6251,158094.97646055577
1.75,3.4944513247386884e-07,371076.04647048627,910203908963.3508,148429.6185881945
1.75,3.8010945783648106e-07,348389.90231684985,785618597411.9453,139355.16092673995
1.75,4.1346462294062107e-07,327090.69567158876,678086057993.796,130835.4782686355
1.75,4.4974675293918027e-07,307093.6348821816,585272170949.4598,122836.65395287264
1.75,4.892126933152029e-07,288319.1121088544,505162302114.49133,115326.84484354177
1.75,5.321418281213915e-07,270692.3864076,436017572924.44696,108276.15456304
1.75,5.788380577728086e-07,254143.286188197,376337116018.2745,101656.5144752788
1.75,6.296319503938047e-07,238605.92986271981,324825497153.7342,95441.57194508793
1.75,6.848830819488135e-07,224018.46357244914,280364596289.3627,89606.58542897966
1.75,7.449825817230663e-07,210322.81494908183,241989337478.92184,84128.32597963273
1.75,8.103559011729893e-07,197464.46192996696,208866740767.2483,78984.98477198678
1.75,8.814658257473113e-07,185392.21570702575,180277841384.35593,74156.0862828103
1.75,9.588157509999107e-07,174058.0169452815,155602083772.72195,69622.4067781126
1.75,1.0429532461863896e-06,163416.74445975153,134303851701.83327,65365.89778390061
1.75,1.1344739305714942e-06,153426.03558904625,115920842090.34517,61369.6142356185
1.75,1.2340256898882342e-06,144046.11755058664,100054030176.03792,57617.64702023465
1.75,1.342313262797505e-06,135239.6491060696,86359008215.83183,54095.05964242785
1.75,1.4601032298162907e-06,126971.5719068565,74538509712.19661,50787.828762742596
1.75,1.588229440031669e-06,119208.97092749248,64335956895.52798,47682.78837099699
1.75,1.7275989140169765e-06,111920.94343174576,55529891403.03639,44767.5773726983
1.75,1.8791982647375713e-06,105078.47594952393,47929167265.50881,42030.59037980957
1.75,2.044100681900524e-06,98654.32877491626,41368801860.08984,39460.931509966504
1.75,2.223473529191285e-06,92622.92752555032,35706394769.1496,37048.37101022013
1.75,2.418586608179083e-06,86960.26133156267,30819036812.374012,34783.304532625065
1.75,2.6308211473921996e-06,81643.78724887708,26600642158.998444,32656.714899550832
1.75,2.8616795801978352e-06,76652.34051626224,22959645610.5549,30660.136206504896
1.75,3.112796180705332e-06,71966.0502989035,19817015070.956318,28785.620119561398
1.75,3.385948632985606e-06,67566.26058306554,17104536062.252138,27025.704233226214
1.75,3.6830706155066364e-06,63435.455906929965,14763331049.460283,25373.382362771983
1.75,4.006265489871691e-06,59557.19163194423,12742581434.686172,23822.076652777694
1.75,4.357821190764496e-06,55916.028477093445,10998424479.913471,22365.61139083738
1.75,4.740226422509076e-06,52497.47105547693,9493001214.883198,20998.188422190775
1.75,5.156188276901584e-06,49287.910168505776,8193634663.78642,19714.36406740231
1.75,5.6086513970328115e-06,46274.568627995905,7072120553.218169,18509.027451198363
1.75,6.100818822764358e-06,43445.450390475526,6104115105.377472,17377.38015619021
1.75,6.636174665426095e-06,40789.29280121138,5268606627.84751,16314.917120484552
1.75,7.218508772251754e-06,38295.52175783877,4547459430.193171,15317.408703135507
1.75,7.85194355515505e-06,35954.20961510299,3925020167.5513735,14380.883846041197
1.75,8.540963173770412e-06,33756.03566313176,3387778066.440477,13501.614265252705
1.75,9.29044527934864e-06,31692.249021903026,2924071657.591802,12676.099608761211
1.75,1.0105695544226167e-05,29754.63380419252,2523835650.0958905,11901.053521677008
1.75,1.0992485221306085e-05,27935.476408315513,2178382452.4702635,11173.390563326204
1.75,1.1957091999438964e-05,26227.534810455723,1880213598.30742,10490.21392418229
1.75,1.3006344443923628e-05,24624.00973433471,1622856983.2757983,9848.803893733884
1.75,1.414767033672739e-05,23118.51758344908,1400726380.5121593,9246.607033379632
1.75,1.538914925863175e-05,21705.065028119516,1209000185.0223877,8681.226011247807
1.75,1.673956978553886e-05,20378.025146182987,1043516755.0958272,8150.410058473195
1.75,1.820849170383826e-05,19132.115022344795,900684078.9959193,7652.046008937918
1.75,1.9806313685263796e-05,17962.37471701403,777401806.1368452,7184.1498868056115
1.75,2.1544346900318823e-05,16864.14752089803,670993950.3415183,6744.859008359212
1.75,2.3434895091387883e-05,15833.06141674971,579150804.4262755,6332.424566699883
1.75,2.549134167238217e-05,14865.011674467192,499878805.3002593,5945.204669786877
1.75,2.7728244471507223e-05,13956.144510257536,431457261.3427549,5581.657804103014
1.75,3.016143878784795e-05,13102.841744811982,372401002.7755051,5240.336697924793
1.75,3.280814949132081e-05,12301.706399417279,321428144.312564,4919.882559766911
1.75,3.568711295956224e-05,11549.549172661369,277432260.33823043,4619.019669064548
1.75,3.8818709714958786e-05,10843.375743897688,239458368.642705,4336.550297559075
1.75,4.222510870077182e-05,10180.374852923465,206682201.41431665,4071.349941169386
1.75,4.5930424217704824e-05,9557.907108417461,178392313.54091135,3822.3628433669846
1.75,4.9960886631885935e-05,8973.494480583679,153974639.86012024,3588.5977922334714
1.75,5.434502806272774e-05,8424.81043617164,132899166.15553518,3369.124174468656
1.75,5.9113884365169984e-05,7909.6706766009665,114708424.57714756,3163.068270640387
1.75,6.430121483616162e-05,7426.0244423189215,99007563.76566878,2969.6097769275684
1.75,6.994374120071093e-05,6971.946348773698,85455778.14114483,2787.9785395094796
1.75,7.608140756931394e-05,6545.628721502709,73758910.31853512,2617.4514886010834
1.75,8.275766320702957e-05,6145.3743998220925,63663066.077019416,2457.349759928837
1.75,9.001977011595783e-05,5769.589980469026,54949103.28845799,2307.0359921876106
1.75,9.791913760853445e-05,5416.7794742999,47427875.18073989,2165.9117897199603
1.75,0.0001065116862401253,5085.538350791883,40936124.68547879,2033.4153403167534
1.75,0.0001158582436772414,4774.547946639181,35332940.752062716,1909.0191786556722
1.75,0.00012602497530377337,4482.570216184712,30496699.70820101,1792.228086473885
1.75,0.00013708385261355807,4208.442802788766,26322425.275615595,1682.5771211155065
1.75,0.00014911316270508368,3951.0744115138987,22719509.93692452,1579.6297646055596
1.75,0.0001621980624851049,3709.440464704861,19609748.19331637,1482.9761858819443
1.75,0.0001764311815044419,3482.5790231684964,16925639.022568595,1392.2316092673987
1.75,0.0001919132776935102,3269.586956715891,14608920.690271834,1307.0347826863565
1.75,0.00020875395063961013,3069.6163488218194,12609306.110621644,1227.0465395287279
1.75,0.000227072417455348,2881.871121088543,10883391.306301998,1151.9484484354173
1.75,0.00024699835673065436,2705.6038640759984,9393713.274303079,1081.4415456303993
1.75,0.0002686728265428373,2540.112861881973,8107936.807547003,1015.2451447527892
1.75,0.0002922492630233715,2384.7392986272007,6998152.621332335,953.0957194508803
1.75,0.0003178945665503921,2238.86463572449,6040271.549609606,894.7458542897961
1.75,0.0003457902832561806,2101.9081494908173,5213501.661407953,839.9632597963268
1.75,0.0003761338902136763,1973.324619299672,4499896.947612314,788.5298477198687
1.75,0.00040914019339999817,1852.6021570702596,3883967.7818089686,740.2408628281039
1.75,0.00044504284833332393,1739.2601694528141,3352344.69979573,694.9040677811256
1.75,0.00048409601414789487,1632.8474445975144,2893488.199697009,652.3389778390058
1.75,0.000526576152816544,1532.940355890464,2497438.2635552217,612.3761423561856
1.75,0.0005727839862576526,1439.1411755058677,2155598.1634712745,574.856470202347
1.75,0.0006230466251811238,1351.0764910606956,1860547.8595531036,539.6305964242782
1.75,0.0006777198847437252,1268.3957190685644,1605882.9392560865,506.5582876274258
1.75,0.0007371908034066062,1190.769709274926,1386075.6021049574,475.50788370997043
1.75,0.0008018803828262751,1117.8894343174588,1196354.6723077912,446.35577372698356
1.75,0.0008722465681750427,1049.4647594952387,1032602.0347952663,418.9859037980955
1.75,0.0009487874899889744,985.2232877491623,891263.2467080696,393.2893150996649
1.75,0.0010320449904927852,924.9092752555042,769270.3840500303,369.16371010220166
1.75,0.001122608459364942,868.2826133156277,663975.4488032236,346.5130453262511
1.75,0.0012211190060968,815.1178724887704,573092.8910284477,325.24714899550816
1.75,0.0013282739984823986,765.203405162622,494649.9983259165,305.28136206504877
1.75,0.0014448319993674355,718.3405029890356,426944.0758012701,286.53620119561424
1.75,0.0015716181366052422,674.342605830656,368505.4870779141,268.9370423322624
1.75,0.001709529944234296,633.0345590692992,318065.75411755976,252.4138236277197
1.75,0.001859543716227668,594.2519163194421,274530.0234181807,236.90076652777685
1.75,0.0020227214177933606,557.840284770935,236953.30093595476,222.336113908374
1.75,0.002200218203151435,523.65471055477,204519.93988233194,208.661884221908
1.75,0.0023932905930071522,491.55910168505744,176525.93615483135,195.82364067402298
1.75,0.0026033053696094227,461.4256862799588,152363.64710314645,183.77027451198353
1.75,0.0028317492523637668,433.1345039047557,131508.60193346845,172.45380156190228
1.75,0.003080239422494574,406.57292801211423,113508.11745540568,161.8291712048457
1.75,0.0033505349712619655,381.6352175783875,97971.47206294742,151.854087031355
1.75,0.0036445493527765523,358.2220961510298,84561.4246642139,142.48883846041193
1.75,0.003964363929567065,336.240356631318,72986.89446842484,133.6961426525272
1.75,0.004312242706791514,315.6024902190306,62996.64273628789,125.44099608761223
1.75,0.004690648359397062,296.22633804192503,54373.819348797144,117.69053521677002
1.75,0.005102259665686786,278.034764083155,46931.25582132623,110.41390563326199
1.75,0.005549990470707651,260.9553481045575,40507.402592371516,103.582139241823
1.75,0.006037010313703743,244.92009734334735,34962.82240103844,97.16803893733893
1.75,0.006566766865658864,229.8651758344907,30177.16363792156,91.14607033379627
1.75,0.007143010335766556,215.73065028119504,26046.547972411576,85.49226011247802
1.75,0.0077698200196038925,202.4602514618301,22481.31555181924,80.18410058473204
1.75,0.008451633176946647,190.00115022344815,19404.078829221933,75.20046008937926
1.75,0.009193276443655246,178.3037471701402,16748.04277608621,70.52149886805609
1.75,0.01,167.32147520898022,14455.55501791259,66.12859008359209
