alpha,exact,cutoff_mass_mc2,MC-I,MC-II,GJ-I,GJ-II,MC-I_rel_err,MC-II_rel_err,GJ-I_rel_err,GJ-II_rel_err
1.01,0.7743734554699454,7.86447350279811e-08,0.7743829482561541,0.774376316395551,0.7743734554699456,0.774373455469944,1.2258666850728588e-05,3.6945037119136423e-06,2.8674098183063197e-16,1.863816381899108e-15
1.0198989898989899,0.7718318212626984,9.26201987133973e-08,0.7718387209436052,0.7718339343449923,0.7718318212626982,0.7718318212627064,8.9393579231248e-06,2.7377496438948783e-06,2.876852169191102e-16,1.0356667809087968e-14
1.0297979797979797,0.7692199919992068,1.090791545887598e-07,0.7692444182280159,0.7692262671713744,0.7692199919992069,0.7692199919992234,3.1754542345780984e-05,8.157838112553258e-06,1.4433101533667645e-16,2.164965230050147e-14
1.0396969696969698,0.7665378941603778,1.284629285088928e-07,0.7665267363179948,0.7665337176976909,0.7665378941603777,0.7665378941603757,1.4556152367583502e-05,5.448475174845527e-06,1.4483602612252223e-16,2.7518844963279223e-15
1.0495959595959596,0.7637854674792535,1.512912715843636e-07,0.7637204483537859,0.7637652846638965,0.7637854674792536,0.7637854674792662,8.512747130697515e-05,2.642471769408479e-05,1.4535796658834876e-16,1.6716166157660106e-14
1.0594949494949495,0.7609626651173396,1.7817629664288073e-07,0.7610354518105726,0.7609851889413354,0.7609626651173398,0.7609626651173483,9.565080728612328e-05,2.9599118364551293e-05,2.9179434826909975e-16,1.152587675662944e-14
1.0693939393939393,0.7580694538396524,2.098388912520249e-07,0.7580059770649342,0.7580496919704331,0.7580694538396526,0.7580694538396261,8.373477442821739e-05,2.6068678957006497e-05,2.929079964907785e-16,3.470959758415726e-14
1.0792929292929294,0.7551058141884095,2.471280473975361e-07,0.7552424624356864,0.7551489784554158,0.7551058141884098,0.7551058141883635,0.0001809656934290099,5.7163203083979715e-05,4.4108640289775613e-16,6.086992359989034e-14
1.0891919191919193,0.7520717406552873,2.910436261177553e-07,0.7520828653215617,0.7520753873235351,0.7520717406552877,0.7520717406553185,1.479202803804991e-05,4.848830305253667e-06,5.904878296093448e-16,4.148177003005647e-14
1.0990909090909091,0.7489672418521579,3.4276316749879455e-07,0.7490836147908728,0.7490021325791014,0.7489672418521574,0.7489672418521791,0.0001553778753088459,4.658511747086833e-05,7.411692812356062e-16,2.8312666543200154e-14
1.108989898989899,0.7457923406802411,4.036734649061581e-07,0.7458109861820527,0.7457998707669344,0.7457923406802407,0.7457923406802118,2.5000929607984338e-05,1.0096760562637034e-05,5.954596013214704e-16,3.9300333687217046e-14
1.1188888888888888,0.7425470744975741,4.754077500754697e-07,0.7424829488348837,0.7425273225262728,0.7425470744975744,0.7425470744974446,8.635905371212529e-05,2.6600295091840604e-05,4.48546521596504e-16,1.743350813938412e-13
1.128787878787879,0.7392314952847322,5.598894861329618e-07,0.7392244020286818,0.7392289515355932,0.7392314952847315,0.7392314952849204,9.595446210911957e-06,3.4410724586549083e-06,9.011166583459988e-16,2.545654559827447e-13
1.1386868686868687,0.7358456698087061,6.593839427995599e-07,0.7357993682654345,0.7358296632408257,0.735845669808707,0.7358456698086842,6.29228996940527e-05,2.1752615442636033e-05,1.2070172539454099e-15,2.9873677035148894e-14
1.1485858585858586,0.7323896797848612,7.765589367017342e-07,0.7320650587219701,0.7322791269481203,0.7323896797848602,0.7323896797848913,0.0004432354412564405,0.0001509481083532889,1.3643020235568517e-15,4.1080649820434094e-14
1.1584848484848485,0.7288636220368914,9.145563654628481e-07,0.7289300742404181,0.7288864896552807,0.7288636220368924,0.728863622037376,9.117234214685798e-05,3.1374344524721355e-05,1.3709021714792983e-15,6.648875531674597e-13
1.1683838383838383,0.7252676086546843,1.0770764536702121e-06,0.725499431960385,0.7253478736006427,0.7252676086546865,0.7252676086549598,0.0003196383003105864,0.00011066942050155675,3.061554139125377e-15,3.7978579095850306e-13
1.1782828282828284,0.7216017671500095,1.2684769696657162e-06,0.7219114882265206,0.7217097205175275,0.7216017671500096,0.7216017671504232,0.0004292133010350365,0.0001496024156708699,1.5385536388166285e-16,5.734189411869574e-13
1.1881818181818182,0.7178662406099471,1.4938900735313813e-06,0.7178632397604672,0.7178658093920319,0.7178662406099467,0.7178662406099737,4.180234854555028e-06,6.006939604611219e-07,4.63967921244703e-16,3.7117433699576245e-14
1.198080808080808,0.7140611878479678,1.759359929399208e-06,0.7140671431682354,0.7140649422979518,0.7140611878479678,0.7140611878482069,8.340069967309463e-06,5.257882724773356e-06,0.0,3.3490412806916897e-13
1.207979797979798,0.7101867835525796,2.0720047719833543e-06,0.7105726625521824,0.7103178657422521,0.71018678355258,0.7101867835522465,0.000543348607070047,0.0001845742454073699,6.253132558009423e-16,4.689849418507067e-13
1.2178787878787878,0.7062432184334464,2.44020777294152e-06,0.7066038588257338,0.7063688773190124,0.7062432184334478,0.7062432184343649,0.0005106461667517354,0.00017792579423950885,2.043615987158273e-15,1.3005257739815687e-12
1.2277777777777779,0.7022306993648972,2.8738418249029367e-06,0.7020102455083682,0.7021500650892689,0.7022306993648957,0.7022306993657002,0.000313933664148269,0.00011482590507827138,2.2133926014356123e-15,1.1433753781130248e-12
1.2376767676767677,0.6981494495267324,3.3845342704591647e-06,0.6983013372346736,0.6982053820410805,0.6981494495267317,0.6981494495264549,0.00021755758461763496,8.011538845445834e-05,9.541421471099899e-16,3.9755922796249575e-13
1.2475757575757576,0.6939997085422323,3.985978674487223e-06,0.6945436873722695,0.6941999819332486,0.6939997085422386,0.6939997085422651,0.0007838314963847038,0.00028857849441614236,9.118550285354039e-15,4.735247165727712e-14
1.2574747474747474,0.6897817326132938,4.694301999581012e-06,0.6895723646309224,0.6897045098291162,0.6897817326132973,0.6897817326136796,0.0003035278733435855,0.00011195249239926866,5.150489656113041e-15,5.593109860935255e-13
1.2673737373737373,0.685495794652577,5.528497029930843e-06,0.686154765092034,0.6857388953769886,0.6854957946525719,0.6854957946524132,0.0009613048607992281,0.0003546348880736616,7.450119976102935e-15,2.3905167575495507e-13
1.2772727272727273,0.6811421844125968,6.510931638544403e-06,0.6812833930093924,0.6811937887693998,0.6811421844125939,0.6811421844123067,0.00020731148360374663,7.576150469607533e-05,4.237852140246952e-15,4.2590414009481863e-13
1.2871717171717172,0.6767212086116475,7.667948553158332e-06,0.6771287863813155,0.6768797097497098,0.6767212086116562,0.6767212086138081,0.0006022831329671403,0.000234219256091353,1.2796613260935667e-14,3.192755008603449e-12
1.297070707070707,0.672233191056481,9.030571702796718e-06,0.6717660140416793,0.6720491938136754,0.6722331910564788,0.6722331910562054,0.0006949627317084504,0.0002737104404446772,3.303088985773913e-15,4.100784975838313e-13
1.306969696969697,0.6676784727616323,1.0635338084755784e-05,0.6680997778081529,0.6678367583691929,0.6676784727616415,0.6676784727636014,0.0006309998954706656,0.00023706861014388686,1.3801330251482575e-14,2.949161365545722e-12
1.3168686868686867,0.6630574120653091,1.2525277457464533e-05,0.6630897842149154,0.6630739233771445,0.6630574120653093,0.6630574120644025,4.8822543896222956e-05,2.490178306583333e-05,3.348799076589775e-16,1.367314662971605e-12
1.3267676767676768,0.6583703847417478,1.4751066128432552e-05,0.658458798169038,0.6584018621255269,0.6583703847417494,0.6583703847432986,0.00013429131889770244,4.78110566765748e-05,2.360847739354062e-15,2.355451515949824e-12
1.3366666666666667,0.6536177841099361,1.7372385774633083e-05,0.6538565408776669,0.6537102817945843,0.6536177841099398,0.6536177841125896,0.00036528499305737446,0.00014151647476087328,5.605318689809073e-15,4.059779454700808e-12
1.3465656565656565,0.6488000211386148,2.045952373035312e-05,0.6487520792116687,0.6487862080974601,0.6488000211386231,0.6488000211374317,7.389322654766693e-05,2.12901367210549e-05,1.283395871361986e-14,1.8234488540311096e-12
1.3564646464646466,0.64391752454746,2.4095257652181914e-05,0.6441957575401742,0.6440306353628844,0.6439175245474686,0.6439175245549963,0.0004320941457677727,0.00017566040853433116,1.3448522927159368e-14,1.1703835702801347e-11
1.3663636363636362,0.6389707409043474,2.8377075096019663e-05,0.6392171074394042,0.6390666836849986,0.6389707409043608,0.6389707409053749,0.000385567787827253,0.00015015207193288965,2.1023965164588644e-14,1.6080727074237016e-12
1.3762626262626263,0.6339601347186058,3.341978752122728e-05,0.6348668332432019,0.6343090718892339,0.6339601347185913,0.6339601347279233,0.0014302137862321292,0.0005504086953085752,2.2941381998798904e-14,1.4697370108772505e-11
1.3861616161616162,0.6288861885301662,3.935860881309205e-05,0.6287666434895888,0.628814064720599,0.6288861885301864,0.6288861885290313,0.00019009010335690443,0.00011468499528633943,3.21299138329043e-14,1.8045713142854274e-12
1.396060606060606,0.6237494029945004,4.635278087025729e-05,0.6237720637968209,0.6237606800024513,0.62374940299453,0.623749403005412,3.6329978372252325e-05,1.8079388768558633e-05,4.734582881082059e-14,1.749357177824767e-11
1.405959595959596,0.6185502969632656,5.458984347260275e-05,0.618209611628261,0.618410632332032,0.6185502969632598,0.6185502969566047,0.0005507803272864065,0.00022579349152248345,9.333371524342943e-15,1.07685568841246e-11
1.415858585858586,0.6132894075605475,6.429066292062396e-05,0.612285700657662,0.6128709637501002,0.6132894075605247,0.6132894075759545,0.0016365958559074664,0.000682294207740739,3.711065562887412e-14,2.5121922557275014e-11
1.4257575757575758,0.6079672902546095,7.571535428284724e-05,0.6077896611879888,0.607872720650194,0.6079672902546045,0.6079672902696163,0.00029216878846603236,0.00015555048097381407,8.217553297515294e-15,2.4683521370485442e-11
1.4356565656565656,0.6025845189250526,8.9170256048768e-05,0.6023054342682604,0.6024538615552151,0.6025845189250619,0.6025845189469246,0.0004631460783128297,0.00021682828837124286,1.5476457017992584e-14,3.629689779559082e-11
1.4455555555555555,0.5971416859252837,0.00010501614420371489,0.597125834411951,0.5971237781365997,0.597141685925289,0.5971416859477862,2.6545648556018288e-05,2.998917862566853e-05,8.924298275949774e-15,3.768359316172092e-11
1.4554545454545456,0.5916394021402053,0.0001236779059755526,0.5915706844080693,0.5916107549429863,0.59163940214016,0.5916394021472787,0.000116147998066785,4.84200293545821e-05,7.656200591246624e-14,1.1955682648762375e-11
1.4653535353535354,0.5860782970390169,0.0001456559326423687,0.5854313459869843,0.5857802339674484,0.5860782970389734,0.5860782970702454,0.0011038645438691918,0.0005085721021822806,7.425755702809932e-14,5.328377525107349e-11
1.4752525252525253,0.5804590187230422,0.00017153953688472007,0.5802285989734203,0.5803268806577484,0.5804590187230994,0.5804590187248855,0.0003969612706316539,0.00022764409033469092,9.850219209958819e-14,3.1755959134552676e-12
1.4851515151515151,0.5747822339684796,0.0002020227544515739,0.5745010156551822,0.574653576204801,0.5747822339684947,0.5747822340014699,0.0004892606219851208,0.00022383740497746105,2.6269136800999565e-14,5.7396132356007504e-11
1.495050505050505,0.5690486282639828,0.0002379229538414148,0.5689872746175378,0.5689872282250092,0.5690486282639894,0.5690486282685719,0.00010781793224274811,0.00010789945871745034,1.1510994878015449e-14,8.064524970894382e-12
1.504949494949495,0.5632589058429734,0.0002802027529933185,0.5634643004168446,0.5633294910684495,0.5632589058429723,0.563258905859481,0.00036465393044029924,0.00012531577351707608,1.971070520338416e-15,2.9307256245755805e-11
1.5148484848484849,0.557413789710592,0.0003299958306560318,0.5563729325454787,0.5569159805187636,0.5574137897105572,0.557413789721864,0.0018672971216834684,0.000893069387621113,6.23414442057659e-14,2.0221931274016634e-11
1.5247474747474747,0.5515140216651866,0.000388637324533928,0.5508616545747301,0.5512157111419171,0.5515140216651795,0.5515140217110307,0.0011828658290260153,0.0005408938151178143,1.2883493580358267e-14,8.312409927588434e-11
1.5346464646464646,0.5455603623142532,0.00045769963129723237,0.546523739728571,0.545967930111065,0.5455603623142583,0.5455603622341663,0.0017658493557545544,0.0007470626991355165,9.361064817120962e-15,1.4679757294377303e-10
1.5445454545454544,0.539553591084723,0.0005390345683880244,0.5390238758299633,0.5392392504378616,0.5395535910847346,0.5395535911083923,0.0009817657847384744,0.0005825939296029312,2.1399763891643853e-14,4.3868281376106916e-11
1.5544444444444445,0.5334945062275088,0.0006348230281369288,0.5345502695068067,0.5339166503373702,0.5334945062275342,0.5334945062106159,0.0019789581091724964,0.000791281081498874,4.7655799576451437e-14,3.166467751944846e-11
1.5643434343434344,0.5273839248162169,0.0007476334556021244,0.5274210767356752,0.527349792866634,0.5273839248163019,0.5273839248935565,7.044568048077507e-05,6.471935904151692e-05,1.6125459970347572e-13,1.4664758546114536e-10
1.5742424242424242,0.5212226827399251,0.0008804907181391808,0.521957541625214,0.5214830973776027,0.5212226827400238,0.5212226828712475,0.001409875106405482,0.0004996226110280456,1.893601912532733e-13,2.5195065707914573e-10
1.584141414141414,0.515011634689942,0.0010369572133511241,0.5150646938075635,0.5149601419935689,0.5150116346898094,0.5150116348240574,0.00010302508535244704,9.99835594086498e-05,2.5760903736200043e-13,2.604123410622979e-10
1.594040404040404,0.5087516541404515,0.0012212283902247306,0.5093265847880266,0.5088580201730202,0.5087516541405326,0.5087516541294692,0.0011300811366332314,0.00020907260291535935,1.5930421088176335e-13,2.1586811699211e-11
1.603939393939394,0.50244363332295,0.0014382452447301599,0.5022962481779452,0.5021890679093507,0.5024436333230686,0.5024436335759879,0.0002933366754595789,0.0005066546707252756,2.3621125527556405e-13,5.036145493055382e-10
1.6138383838383838,0.4960884831943904,0.0016938268063095515,0.4955580973345297,0.4956028959285942,0.4960884831943595,0.49608848370493375,0.0010691356034824035,0.0009788319669697962,6.23270087560062e-14,1.0291376380020398e-09
1.6237373737373737,0.489687133398939,0.00199482616771043,0.4904670263267868,0.4898239909011851,0.489687133398785,0.48968713361771543,0.001592635122827372,0.00027947947354914175,3.1446187374104053e-13,4.4676779618223936e-10
1.6336363636363638,0.4832405322232575,0.0023493142419042947,0.482747672805621,0.4827334115304898,0.48324053222317914,0.483240532032925,0.0010199049640332056,0.0010494167168357763,1.6220027152507898e-13,3.938670596211742e-10
1.6435353535353534,0.47674964654522595,0.0027667961732971862,0.4772721258124285,0.4766450816781609,0.4767496465453578,0.4767496462174331,0.0010959195690835063,0.00021932867244431345,2.7653714088643943e-13,6.875576118316449e-10
1.6534343434343435,0.47021546177601176,0.0032584662060222863,0.4702958691318398,0.46989165995455495,0.4702154617757583,0.4702154616801526,0.00017100108857403013,0.0006886243600620851,5.390378180347063e-13,2.0386219029438075e-10
1.6633333333333333,0.46363898179540836,0.0038375078432815145,0.4642234658659115,0.4634535987982816,0.4636389817953367,0.46363898186729996,0.0012606447978981035,0.00039984342215768727,1.5457047196945506e-13,1.550594462587837e-10
1.6732323232323232,0.45702122888035135,0.004519447346125529,0.45690002903219196,0.45620076124478093,0.4570212288802612,0.457021228519743,0.00026519522617432414,0.001795250600460007,1.9725584699953643e-13,7.890407572014222e-10
1.6831313131313133,0.45036324362653263,0.005322570050289478,0.45056356338401626,0.44973192674112233,0.45036324362614066,0.4503632448521118,0.0004447959737357086,0.0014017948719052618,8.703291052076867e-13,2.7213126537984535e-09
1.6930303030303029,0.44366608486302717,0.00626841066408819,0.44377040378179966,0.44281027136849616,0.4436660848634697,0.4436660845329029,0.00023512935140106777,0.0019289585653030595,9.974503634917485e-13,7.440827066208974e-10
1.702929292929293,0.43693082955985446,0.007382330694082233,0.43675125611506105,0.4354918350278055,0.4369308295597433,0.4369308303446051,0.0004109882678095922,0.0032934149634132456,2.5447697528740726e-13,1.7960523731850958e-09
1.7128282828282828,0.4301585727283922,0.008694198481444884,0.43000327749486716,0.4287610832381457,0.43015857272837876,0.4301585740822602,0.0003610185716863252,0.003248777494733035,3.12296428564882e-14,3.1473696063006107e-09
1.7227272727272727,0.42335042731456457,0.010239190083336647,0.4236696695735675,0.4220652579616167,0.42335042731456995,0.42335042674077905,0.000754085122880292,0.0030357105367769975,1.2718970673037898e-14,1.3553441359150476e-09
1.7326262626262627,0.4165075240847272,0.012058732473896366,0.41617669428839954,0.4145939221912885,0.41650752408483677,0.41650752585594764,0.0007942948859198737,0.004594399339228812,2.63090115289759e-13,4.252553304961825e-09
1.7425252525252524,0.4096310115041764,0.014201614355577619,0.40895390986468005,0.4068950126695252,0.4096310115052215,0.4096310119318628,0.0016529550265494354,0.00667917896304905,2.551341121350222e-12,1.0440771677313095e-09
1.7524242424242424,0.4027220556082031,0.0167252943658167,0.4028435292594947,0.4005579925452991,0.4027220556082557,0.4027220577517115,0.00030163148404699635,0.005373589632769865,1.3053434616738277e-13,5.322550232722455e-09
1.7623232323232323,0.39578183986562493,0.019697441756919277,0.3964961867647322,0.39303725490560854,0.3957818398660103,0.3957818441108609,0.0018049006476643778,0.006934590432315515,9.736637031608827e-13,1.0726202085247736e-08
1.7722222222222221,0.38881156503472125,0.02319775086052912,0.38864849275352453,0.38427111498004324,0.3888115650334004,0.3888115707533129,0.00041941211594916523,0.011677764920064934,3.397101452675661e-12,1.4707874379346582e-08
1.7821212121212122,0.3818124490115056,0.02732007798922143,0.3815124430940905,0.3771088687217859,0.38181244901069933,0.3818124483661896,0.0007857415812181651,0.012319085723624322,2.1116230300246004e-12,1.6901386243426295e-09
1.7920202020202018,0.3747857266702648,0.032174958073504865,0.3743271275999058,0.3693044519237894,0.3747857266709983,0.37478573366225654,0.0012236300310403078,0.014625089368191893,1.957183265453418e-12,1.8655971307843827e-08
1.801919191919192,0.367732649696302,0.037892568514637154,0.36729112622072096,0.3607628983720983,0.36773264969712033,0.36773264678102474,0.0012006643303107778,0.01895331113503185,2.225381379997253e-12,7.927708470380465e-09
1.8118181818181818,0.3606544864108213,0.04462621972517326,0.35977361357629967,0.35250370445328777,0.36065448641079784,0.3606544854316915,0.0024424286060821363,0.02259997383825415,6.510723658120426e-14,2.7148694100879283e-09
1.8217171717171716,0.35355252158788814,0.05255646595163287,0.3533965941908848,0.34523389541051314,0.3535525215895898,0.3535525291672578,0.0004410303631919025,0.0235286857523009,4.812973252744781e-12,2.143774750463205e-08
1.8316161616161617,0.34642805626341044,0.06189594660573575,0.34616423235794286,0.3355088286699491,0.34642805626186135,0.34642804952566236,0.0007615546740446007,0.03151946672921552,4.471618733679035e-12,1.9449198642743494e-08
1.8415151515151513,0.33928240753608163,0.07289508791831224,0.3384245096575385,0.32625515236415387,0.33928240753547556,0.33928240694131356,0.0025285657596375334,0.03839649472701397,1.7863311969053958e-12,1.7530177071331752e-09
1.8514141414141414,0.3321169083602294,0.08584881779845183,0.33253169834987883,0.31636639246819265,0.3321169083586017,0.3321169143171781,0.0012489276492949404,0.047424613127353944,4.900978948766635e-12,1.7936300628275567e-08
1.8613131313131313,0.3249329073305216,0.10110447394824121,0.32401956383246705,0.30510585675357677,0.3249329073309001,0.32493289783336654,0.0028108679590445433,0.061018906148452276,1.164779006854271e-12,2.9228049385334503e-08
1.871212121212121,0.3177317684584723,0.1190711172790888,0.3156941850686519,0.2949829815889978,0.3177317684581781,0.3177317998305588,0.0064129041918158745,0.07159745775452035,9.2596690268987e-13,9.873764493837248e-08
1.8811111111111112,0.3105148709407061,0.14023050035697465,0.30831606594413474,0.2830056534812018,0.3105148709436856,0.310514918203485,0.007081158431833202,0.08859227056071423,9.595192690801071e-12,1.5220777901575548e-07
1.891010101010101,0.30328360891893263,0.16514998498146183,0.3001215872225054,0.27097420629978963,0.3032836089197098,0.30328359749139155,0.010425956442876586,0.10653197755827044,2.562473191372972e-12,3.767938900757574e-08
1.9009090909090909,0.29603939123158746,0.1944977552668378,0.291031529723325,0.25717536478055675,0.29603939123283934,0.29603938438680477,0.01691619985917636,0.1312799161265263,4.228786842721186e-12,2.3121188895212528e-08
1.9108080808080807,0.288783641157099,0.22906073414469336,0.2822411859991497,0.24428856171419883,0.2887836411579907,0.28878368794280024,0.02265521388862244,0.15407756223523314,3.087886591518603e-12,1.6200952751388587e-07
1.9207070707070706,0.2815177961487481,0.26976568369605197,0.2712887301420271,0.22656607090254366,0.2815177961428436,0.28151778661830357,0.0363354151910034,0.1951980514125974,2.0973804116966575e-11,3.385379068406386e-08
1.9306060606060607,0.2742433075610775,0.31770405509147176,0.25866017098889127,0.20997544134839197,0.2742433075658824,0.2742431443145541,0.05682230392701808,0.23434616065652672,1.7520495795704606e-11,5.952616487237642e-07
1.9405050505050505,0.26696164036782555,0.37416125445848086,0.2430637483105738,0.1894865079186059,0.2669616403715621,0.2669618575359527,0.08951807467291818,0.29021072968563094,1.399664238850984e-11,8.134806440680922e-07
1.9504040404040404,0.25967427287135203,0.4406511094031737,0.22534073266310056,0.16763541214513678,0.2596742728741267,0.25967501044404695,0.13221771964010084,0.35443965899468677,1.0685191692123538e-11,2.8403764715087032e-06
1.9603030303030302,0.2523826964035305,0.5189564603616498,0.20446938684613913,0.1421652205495384,0.2523826964004717,0.2523824007466966,0.18984387693831267,0.43670773561182347,1.2119812530274603e-11,1.1714623788287337e-06
1.97020202020202,0.24508841501808193,0.611176965186492,0.17459604508374918,0.11530165658207685,0.24508841502003986,0.2450912579361502,0.28762016323428435,0.529550768143936,7.988683654970978e-12,1.1599561195307652e-05
1.9801010101010101,0.23779294517433233,0.7197853987871383,0.1334304670675621,0.08056353793027367,0.2377929451813776,0.23779999912987834,0.4388796229015934,0.6612029937590856,2.962779665341565e-11,2.96642759558693e-05
1.99,0.2304978154123761,0.8476939574269944,0.07875111026908238,0.04374131937645818,0.2304978154321035,0.23051798441903568,0.6583433551064624,0.8102310891832011,8.558600156716058e-11,8.750194279929462e-05
