alpha,type,delta,D_true,D_stable,D_raw32,rel_stable,rel_raw32,rel_gap32
1.25,I,1e-06,0.6929730337600181,0.6929714935192698,0.6929718211805268,2.222656111045934e-06,1.7498220452845116e-06,4.728340657614222e-07
1.25,I,1.2115276586285875e-06,0.6929730337600181,0.6929712314795886,0.6929715399255724,2.6007944633481556e-06,2.1556891436205724e-06,4.451053197275834e-07
1.25,I,1.4677992676220705e-06,0.6929730337600181,0.6929710151909392,0.6929713077766294,2.9129114417844584e-06,2.4906934390956137e-06,4.2221800268884434e-07
1.25,I,1.778279410038923e-06,0.6929730337600181,0.6929708366653826,0.6929711161598664,3.1705341022094893e-06,2.76720746442871e-06,4.0332663778077944e-07
1.25,I,2.1544346900318822e-06,0.6929730337600181,0.6929703997675395,0.6929706584957338,3.8010028532879457e-06,3.427643167255799e-06,3.7335968603214673e-07
1.25,I,2.6101572156825386e-06,0.6929730337600181,0.6929699108229128,0.6929701479957643,4.506578110700769e-06,4.164324025888086e-06,3.422540848126819e-07
1.25,I,3.162277660168379e-06,0.6929730337600181,0.6929695072459716,0.6929697266270802,5.088962881157728e-06,4.772383306015687e-06,3.165795751420405e-07
1.25,I,3.831186849557285e-06,0.6929730337600181,0.6929690093977117,0.6929692141212892,5.807386594197738e-06,5.511958680612044e-06,2.9542791358569426e-07
1.25,I,4.641588833612782e-06,0.6929730337600181,0.692968271999535,0.692968464681102,6.8714946340591805e-06,6.593444035353334e-06,2.7805059870584693e-07
1.25,I,5.623413251903491e-06,0.6929730337600181,0.6929676633479941,0.6929678460898134,7.749813863370116e-06,7.486106892909996e-06,2.6370697046011983e-07
1.25,I,6.8129206905796085e-06,0.6929730337600181,0.6929667201893236,0.6929668907258828,9.110846146804222e-06,8.864752069691014e-06,2.460940771132094e-07
1.25,I,8.25404185268019e-06,0.6929730337600181,0.6929658275649493,0.6929659869911656,1.0398954530273756e-05,1.0168893317827234e-05,2.3006121244652352e-07
1.25,I,1e-05,0.6929730337600181,0.6929646271979443,0.6929647748514212,1.2131153254520454e-05,1.1918080783159698e-05,2.1307247136075756e-07
1.25,I,1.2115276586285876e-05,0.6929730337600181,0.6929634627832095,0.6929636000097292,1.3811470782067617e-05,1.3613445010475225e-05,1.9802577159239255e-07
1.25,I,1.4677992676220675e-05,0.6929730337600181,0.6929618626578178,0.6929619943993146,1.6120543882734864e-05,1.5930433315072668e-05,1.9011056766219815e-07
1.25,I,1.778279410038923e-05,0.6929730337600181,0.6929601191189062,0.6929602452116915,1.863657095253326e-05,1.8454611800905106e-05,1.8195915162815417e-07
1.25,I,2.1544346900318823e-05,0.6929730337600181,0.6929581585133625,0.692958278205599,2.146583767458119e-05,2.129311488361481e-05,1.727227909663816e-07
1.25,I,2.6101572156825332e-05,0.6929730337600181,0.6929558901212237,0.6929560022181126,2.4739258180549878e-05,2.457749591359104e-05,1.6176226695883608e-07
1.25,I,3.1622776601683795e-05,0.6929730337600181,0.6929532379859267,0.6929533430206903,2.8566442165838514e-05,2.84148709523174e-05,1.5157121352111328e-07
1.25,I,3.831186849557285e-05,0.6929730337600181,0.6929501440334781,0.6929502423155208,3.303119374756526e-05,3.28893670992855e-05,1.4182664827975747e-07
1.25,I,4.641588833612772e-05,0.6929730337600181,0.6929465687134693,0.6929466609960869,3.819058644345595e-05,3.805741731109034e-05,1.3316913236561557e-07
1.25,I,5.623413251903491e-05,0.6929730337600181,0.6929424899998345,0.6929425763241227,4.407640513483353e-05,4.395183421510561e-05,1.245709197279191e-07
1.25,I,6.812920690579608e-05,0.6929730337600181,0.692937797655054,0.6929378784275706,5.0847728912109514e-05,5.0731169518555815e-05,1.1655939355369445e-07
1.25,I,8.254041852680174e-05,0.6929730337600181,0.6929323142478199,0.6929323905724863,5.876060137182282e-05,5.865046048212361e-05,1.1014088969921274e-07
1.25,I,0.0001,0.6929730337600181,0.692925995461606,0.6929260685917924,6.787897381344033e-05,6.77734427425497e-05,1.0553107089062874e-07
1.25,I,0.00012115276586285876,0.6929730337600181,0.6929187231017065,0.6929187931939172,7.837340800526226e-05,7.827226090820728e-05,1.0114709705496706e-07
1.25,I,0.0001467799267622069,0.6929730337600181,0.6929103185089127,0.6929103853910775,9.05017194753764e-05,9.040520465943394e-05,9.651481594246049e-08
1.25,I,0.00017782794100389227,0.6929730337600181,0.6929006514779946,0.6929007152788949,0.0001044518018698382,0.00010435973349614775,9.206837369044085e-08
1.25,I,0.00021544346900318823,0.6929730337600181,0.6928894131919681,0.6928894739951088,0.00012066929588339631,0.00012058155344930099,8.774243409532427e-08
1.25,I,0.0002610157215682536,0.6929730337600181,0.6928764900299669,0.6928765476966566,0.00013931816296999588,0.00013923494661532214,8.321635467373524e-08
1.25,I,0.00031622776601683794,0.6929730337600181,0.6928615348832861,0.6928615893262828,0.00016089930098293103,0.00016082073660289727,7.856438003377748e-08
1.25,I,0.00038311868495572853,0.6929730337600181,0.692844289473686,0.6928443409955699,0.00018578542029762843,0.00018571107125176325,7.434904586519168e-08
1.25,I,0.00046415888336127773,0.6929730337600181,0.6928243442733819,0.6928243928893509,0.00021456749309475693,0.00021449733745137716,7.015564337978587e-08
1.25,I,0.0005623413251903491,0.6929730337600181,0.6928013367931716,0.6928013825780852,0.0002477686121707742,0.00024770254190337903,6.607026739515806e-08
1.25,I,0.0006812920690579609,0.6929730337600181,0.6927747665283622,0.6927748093835501,0.000286111034624324,0.00028604919211999117,6.184250433286236e-08
1.25,I,0.0008254041852680181,0.6929730337600181,0.692744069994376,0.692744110147923,0.00033040790115559986,0.0003303499572745443,5.794388105555588e-08
1.25,I,0.001,0.6929730337600181,0.6927086270275326,0.6927086645343195,0.00038155414367404894,0.0003815000192203238,5.412445372513611e-08
1.25,I,0.0012115276586285877,0.6929730337600181,0.6926676986418391,0.6926677334124651,0.0004406161615297778,0.00044056598551375537,5.017601602244707e-08
1.25,I,0.0014677992676220691,0.6929730337600181,0.692620394533228,0.6926204268867526,0.0005088787147700128,0.0005088320267705366,4.6687999476118574e-08
1.25,I,0.0017782794100389228,0.6929730337600181,0.6925658212087084,0.6925658513324039,0.0005876311652420389,0.0005875876950143815,4.34702276574317e-08
1.25,I,0.002154434690031882,0.6929730337600181,0.6925027501644123,0.6925027783048141,0.0006786463147837439,0.000678605706563199,4.0608220544846683e-08
1.25,I,0.0026101572156825357,0.6929730337600181,0.6924299133945311,0.6924299396520305,0.0007837539688089348,0.0007837160777249851,3.7891083949582526e-08
1.25,I,0.0031622776601683794,0.6929730337600181,0.6923457541787643,0.6923457787046412,0.0009052005643714265,0.0009051651721184959,3.539225293064507e-08
1.25,I,0.003831186849557285,0.6929730337600181,0.69224855061732,0.692248573518293,0.0010454709020451035,0.0010454378546220565,3.304742304700549e-08
1.25,I,0.004641588833612777,0.6929730337600181,0.6921362736152189,0.6921362949569223,0.0012074930827523963,0.0012074622854451927,3.07973072035876e-08
1.25,I,0.005623413251903491,0.6929730337600181,0.6920065717892674,0.6920065916005608,0.0013946602878711285,0.0013946316990337303,2.8588837398305898e-08
1.25,I,0.006812920690579608,0.6929730337600181,0.6918567117802369,0.691856730099018,0.001610916912198011,0.0016108904771417155,2.6435056295421252e-08
1.25,I,0.008254041852680182,0.6929730337600181,0.6916835490835846,0.6916835660158692,0.0018608006568982527,0.0018607762226363846,2.4434261868129785e-08
1.25,I,0.01,0.6929730337600181,0.6914834175012791,0.6914834332357545,0.0021496020568887927,0.0021495793511345676,2.2705754225238646e-08
1.25,I,0.012115276586285877,0.6929730337600181,0.6912521227876937,0.691252137494293,0.0024833736501792543,0.0024833524277093075,2.122246994654934e-08
1.25,I,0.014677992676220676,0.6929730337600181,0.690984690480149,0.6909847041682574,0.0028692938729238554,0.0028692741201950226,1.9752728833087027e-08
1.25,I,0.01778279410038923,0.6929730337600181,0.6906754766997402,0.690675489339023,0.0033155071674456547,0.003315488928232544,1.8239213110478322e-08
1.25,I,0.021544346900318822,0.6929730337600181,0.69031779764517,0.6903178094104635,0.0038316586439748964,0.0038316416659787203,1.697799617594047e-08
1.25,I,0.026101572156825334,0.6929730337600181,0.6899039347441482,0.6899039457798728,0.004428886646883114,0.004428870721696968,1.5925186145452814e-08
1.25,I,0.03162277660168379,0.6929730337600181,0.6894248671343642,0.6894248774920663,0.005120208800047743,0.005120193853287155,1.4946760587775493e-08
1.25,I,0.03831186849557285,0.6929730337600181,0.6888700048974392,0.688870014312381,0.00592090696562337,0.005920893379320055,1.3586303315546407e-08
1.25,I,0.046415888336127725,0.6929730337600181,0.6882269889272752,0.688226997839273,0.006848816045541061,0.006848803185014934,1.2860526127600653e-08
1.25,I,0.05623413251903491,0.6929730337600181,0.6874812122578154,0.687481220280747,0.007925014733119443,0.007925003155567142,1.1577552300713171e-08
1.25,I,0.06812920690579609,0.6929730337600181,0.6866154765997835,0.6866154841873116,0.009174321150332428,0.009174310201092443,1.094923998576385e-08
1.25,I,0.08254041852680173,0.6929730337600181,0.6856093430233436,0.6856093499548703,0.010626229850127941,0.010626219847535708,1.0002592234145813e-08
1.25,I,0.1,0.6929730337600181,0.6844384075949536,0.6844384131795328,0.012315957114169777,0.01231594905530028,8.058869496245668e-09
1.25,II,1e-06,0.6929730337600181,0.6929717667778641,0.8274207784388133,1.8283282209330494e-06,0.19401583918683274,0.19401766751505367
1.25,II,1.2115276586285875e-06,0.6929730337600181,0.6929715648156488,0.7981908757486985,2.119771329749376e-06,0.15183540608755955,0.1518375258588893
1.25,II,1.4677992676220705e-06,0.6929730337600181,0.6929714272203933,0.7782767731175874,2.3183292083671388e-06,0.12309820902368712,0.12310052735289549
1.25,II,1.778279410038923e-06,0.6929730337600181,0.692971333477837,0.7647094501546263,2.453605116239622e-06,0.1035197805683318,0.10352223417344805
1.25,II,2.1544346900318822e-06,0.6929730337600181,0.6929709295768784,0.7472298550343425,3.0364574624213296e-06,0.07829571805980833,0.07829875451727074
1.25,II,2.6101572156825386e-06,0.6929730337600181,0.6929705176996152,0.7320099369303422,3.6308200757263343e-06,0.056332499633518114,0.05633613045359384
1.25,II,3.162277660168379e-06,0.6929730337600181,0.6929702370909022,0.7216407376615118,4.035754610350287e-06,0.04136914786704616,0.04137318362165651
1.25,II,3.831186849557285e-06,0.6929730337600181,0.6929698460254984,0.7145887541049503,4.600084511783243e-06,0.03119272943082211,0.031197329515333893
1.25,II,4.641588833612782e-06,0.6929730337600181,0.6929692190788833,0.7098067994657453,5.5048045867707455e-06,0.02429209346630495,0.024297598270891722
1.25,II,5.623413251903491e-06,0.6929730337600181,0.6929687919451268,0.7065488908542299,6.121183198443138e-06,0.019590743698279685,0.01959686488147813
1.25,II,6.8129206905796085e-06,0.6929730337600181,0.692967988179411,0.7032711710260544,7.281063419917401e-06,0.014860805203572566,0.014868086266992485
1.25,II,8.25404185268019e-06,0.6929730337600181,0.6929673202568697,0.7007897884327204,8.244914116460741e-06,0.01128002720436215,0.011288272118478613
1.25,II,1e-05,0.6929730337600181,0.6929663240386477,0.6986319088025172,9.682514388756312e-06,0.008166082613337147,0.008175765127725903
1.25,II,1.2115276586285876e-05,0.6929730337600181,0.6929654568588801,0.6970430989498128,1.093390473917794e-05,0.005873338487229197,0.005884272391968375
1.25,II,1.4677992676220675e-05,0.6929730337600181,0.6929641396692618,0.6963531878624049,1.2834685222827128e-05,0.004877757052170321,0.004890591737393148
1.25,II,1.778279410038923e-05,0.6929730337600181,0.6929627411668413,0.6957713232376345,1.4852804763420564e-05,0.004038092885711725,0.004052945690475146
1.25,II,2.1544346900318823e-05,0.6929730337600181,0.6929611946453511,0.6952281861634496,1.7084524346810387e-05,0.003254314805289415,0.0032713993296362254
1.25,II,2.6101572156825332e-05,0.6929730337600181,0.6929594054597564,0.694690728477866,1.9666422209375935e-05,0.0024787324097271224,0.002498398831936498
1.25,II,3.1622776601683795e-05,0.6929730337600181,0.6929572984183183,0.6942777493527967,2.270700436113947e-05,0.0018827797464201247,0.0019054867507812643
1.25,II,3.831186849557285e-05,0.6929730337600181,0.6929548256940434,0.6939503429177805,2.627528790815805e-05,0.0014103134034806407,0.0014365886913887988
1.25,II,4.641588833612772e-05,0.6929730337600181,0.6929519679946218,0.6937105602767547,3.0399112764875523e-05,0.001064293242025422,0.0010946923547902976
1.25,II,5.623413251903491e-05,0.6929730337600181,0.6929487311448573,0.6935121502681734,3.5070073403675785e-05,0.0007779761720742541,0.00081304624547793
1.25,II,6.812920690579608e-05,0.6929730337600181,0.6929450116934003,0.693358567941479,4.043745608070449e-05,0.0005563480289688098,0.0005967854850495143
1.25,II,8.254041852680174e-05,0.6929730337600181,0.6929406393852223,0.693254671306424,4.6746948607757174e-05,0.0004064192005825014,0.0004531661491902585
1.25,II,0.0001,0.6929730337600181,0.6929356042938883,0.6931906744770873,5.401287540242981e-05,0.0003140680899057486,0.00036808096530817846
1.25,II,0.00012115276586285876,0.6929730337600181,0.6929298212203613,0.6931389104099452,6.235818358228242e-05,0.00023936955963083152,0.00030172774321311394
1.25,II,0.0001467799267622069,0.6929730337600181,0.6929231354544182,0.6930920632688381,7.200612890970239e-05,0.00017176643681816804,0.00024377256572787043
1.25,II,0.00017782794100389227,0.6929730337600181,0.6929154629405757,0.6930524988885279,8.307800828840233e-05,0.00011467275729143247,0.0001977507655798348
1.25,II,0.00021544346900318823,0.6929730337600181,0.6929065082545752,0.6930180275223067,9.600013593873336e-05,6.49285904308305e-05,0.00016092872636956385
1.25,II,0.0002610157215682536,0.6929730337600181,0.6928962364748749,0.6929857019185263,0.00011082290565696047,1.8280882359106493e-05,0.00012910378801606696
1.25,II,0.00031622776601683794,0.6929730337600181,0.6928843357277892,0.6929550418399252,0.00012799636913375363,2.5963376951716262e-05,0.00010203299218203738
1.25,II,0.00038311868495572853,0.6929730337600181,0.692870624259907,0.6929273523763466,0.00014778280700970882,6.592086769031102e-05,8.18619393193978e-05
1.25,II,0.00046415888336127773,0.6929730337600181,0.6928547520534543,0.6928999645891777,0.0001706873150922164,0.00010544302199453692,6.524429309767948e-05
1.25,II,0.0005623413251903491,0.6929730337600181,0.692836455207332,0.6928723858569984,0.00019709071786683062,0.00014524072094632682,5.184999692050378e-05
1.25,II,0.0006812920690579609,0.6929730337600181,0.692815324707758,0.6928433800626403,0.0002275832457785174,0.00018709775281474885,4.048549296376852e-05
1.25,II,0.0008254041852680181,0.6929730337600181,0.6927909081305887,0.6928129240887377,0.00026281777292417837,0.00023104747729011302,3.177029563406537e-05
1.25,II,0.001,0.6929730337600181,0.69276272030848,0.6927798715379223,0.00030349442372520284,0.00027874421180240145,2.4750211922801375e-05
1.25,II,0.0012115276586285877,0.6929730337600181,0.6927301722289742,0.6927431429483669,0.0003504631770823264,0.00033174568194057393,1.871749514175248e-05
1.25,II,0.0014677992676220691,0.6929730337600181,0.6926925387263803,0.6927024990863077,0.0004047704888541797,0.0003903971158047948,1.4373373049384912e-05
1.25,II,0.0017782794100389228,0.6929730337600181,0.6926491507525124,0.6926567991895549,0.00046738183410726373,0.0004563446989376819,1.1037135169581846e-05
1.25,II,0.002154434690031882,0.6929730337600181,0.6925989902026275,0.692604946017078,0.000539766396624465,0.0005311718133429292,8.59458328153576e-06
1.25,II,0.0026101572156825357,0.6929730337600181,0.6925410707296162,0.6925456957024958,0.0006233475320937518,0.0006166734298498757,6.674102243876029e-06
1.25,II,0.0031622776601683794,0.6929730337600181,0.6924741385486249,0.6924777430451514,0.0007199345242716843,0.0007147330281803872,5.20149609129704e-06
1.25,II,0.003831186849557285,0.6929730337600181,0.6923968419754459,0.6923996550876489,0.0008314779313211672,0.0008274184483890597,4.0594829321074954e-06
1.25,II,0.004641588833612777,0.6929730337600181,0.6923075715099327,0.6923097762724307,0.0009603003546539181,0.0009571187553843881,3.181599269529944e-06
1.25,II,0.005623413251903491,0.6929730337600181,0.6922044611147127,0.692206166592262,0.001109094593674406,0.0011066334913425553,2.461102331850646e-06
1.25,II,0.006812920690579608,0.6929730337600181,0.6920853373422053,0.6920866411535084,0.0012809970584225336,0.0012791155836183001,1.881474804233622e-06
1.25,II,0.008254041852680182,0.6929730337600181,0.6919477111704092,0.6919487024898272,0.0014795995510035014,0.0014781690199875699,1.4305310159314153e-06
1.25,II,0.01,0.6929730337600181,0.6917886724461256,0.6917894349008168,0.0017091015900953343,0.0017080013240618583,1.100266033476189e-06
1.25,II,0.012115276586285877,0.6929730337600181,0.6916049208105877,0.6916055225920162,0.0019742657834852895,0.0019733973782238147,8.684052614749744e-07
1.25,II,0.014677992676220676,0.6929730337600181,0.6913924976230664,0.6913929780734721,0.0022808046777459305,0.002280111360138642,6.933176072887475e-07
1.25,II,0.01778279410038923,0.6929730337600181,0.6911469787013307,0.6911473563281219,0.0026351026226509103,0.0026345576854415625,5.449372093476675e-07
1.25,II,0.021544346900318822,0.6929730337600181,0.6908630787314808,0.6908633775925108,0.003044786630568909,0.0030443553568894515,4.3127367945782716e-07
1.25,II,0.026101572156825334,0.6929730337600181,0.6905347376403367,0.6905349792677027,0.0035186017361330444,0.0035182530539271967,3.486822058476996e-07
1.25,II,0.03162277660168379,0.6929730337600181,0.6901548848012788,0.6901550800984266,0.004066751260793167,0.0040664694357606295,2.818250325374435e-07
1.25,II,0.03831186849557285,0.6929730337600181,0.6897152268764533,0.6897153838862784,0.0047012029687334275,0.004700976394512654,2.265742207736522e-07
1.25,II,0.046415888336127725,0.6929730337600181,0.6892061475439129,0.689206274073438,0.005435833766382483,0.0054356511769900724,1.825893924098542e-07
1.25,II,0.05623413251903491,0.6929730337600181,0.6886162999629858,0.6886164013654766,0.006287017798359302,0.0062868714687246575,1.4632963464444584e-07
1.25,II,0.06812920690579609,0.6929730337600181,0.6879324173746032,0.6879324986258613,0.007273899762108881,0.007273782511863782,1.1725024509851872e-07
1.25,II,0.08254041852680173,0.6929730337600181,0.6871388142988083,0.6871388793003225,0.008419114708625447,0.008419020907696688,9.380092875839828e-08
1.25,II,0.1,0.6929730337600181,0.6862168895529496,0.6862169406900408,0.009749505215823734,0.009749431422055815,7.379376792009447e-08
1.5,I,1e-06,0.5661607368954616,0.5660546097774631,0.5660602665543005,0.00018745050845535237,0.00017745904054040717,9.991467914945209e-06
1.5,I,1.2115276586285875e-06,0.5661607368954616,0.5660449517122982,0.566050226973347,0.0002045093833217241,0.00019519178020128904,9.317603120435061e-06
1.5,I,1.4677992676220705e-06,0.5661607368954616,0.5660369799048892,0.5660419402588955,0.00021858985003278902,0.0002098284618208077,8.761388211981318e-06
1.5,I,1.778279410038923e-06,0.5661607368954616,0.5660274451587228,0.5660321056536193,0.00023543090866689332,0.00022719915645814319,8.231752208750135e-06
1.5,I,2.1544346900318822e-06,0.5661607368954616,0.5660084362095983,0.5660126986597509,0.0002690060895047225,0.000261477396900591,7.5286926041315055e-06
1.5,I,2.6101572156825386e-06,0.5661607368954616,0.5659927461434333,0.5659966800434632,0.0002967191842894499,0.00028977080413258583,6.9483801568640505e-06
1.5,I,3.162277660168379e-06,0.5661607368954616,0.5659797954971535,0.5659834582207657,0.00031959368871169896,0.00031312428281069974,6.469405900999207e-06
1.5,I,3.831186849557285e-06,0.5661607368954616,0.565959132777367,0.5659624950665048,0.00035608989630782557,0.00035015114266656616,5.938753641259405e-06
1.5,I,4.641588833612782e-06,0.5661607368954616,0.5659379571653104,0.5659410398344128,0.0003934920167245968,0.00038804715115632816,5.444865568268668e-06
1.5,I,5.623413251903491e-06,0.5661607368954616,0.5659194351987878,0.5659222759702098,0.0004262070485441598,0.00042118944270034387,5.017605843815926e-06
1.5,I,6.8129206905796085e-06,0.5661607368954616,0.5658910968914419,0.5658935993612672,0.0004762605148112415,0.00047184044527591505,4.42006953532644e-06
1.5,I,8.25404185268019e-06,0.5661607368954616,0.5658677063339552,0.5658699295553606,0.0005175748553551335,0.0005136480175146848,3.9268378404487e-06
1.5,I,1e-05,0.5661607368954616,0.5658346107598735,0.5658366215050462,0.000576031000271132,0.0005724794555565975,3.5515447145345426e-06
1.5,I,1.2115276586285876e-05,0.5661607368954616,0.5658034295914819,0.5658052534191914,0.0006311057632485277,0.0006278843676435889,3.2213956049387775e-06
1.5,I,1.4677992676220675e-05,0.5661607368954616,0.5657671578941599,0.5657687919892576,0.0006951718401737939,0.0006922855660272669,2.886274146527075e-06
1.5,I,1.778279410038923e-05,0.5661607368954616,0.5657264872283015,0.5657279747228428,0.0007670077397830651,0.0007643804036852553,2.6273360978097256e-06
1.5,I,2.1544346900318823e-05,0.5661607368954616,0.5656830360410564,0.5656843884954771,0.0008437548266322878,0.0008413660095834512,2.3888170488366033e-06
1.5,I,2.6101572156825332e-05,0.5661607368954616,0.5656353806854659,0.5656365992093958,0.0009279276639289875,0.000925775406009177,2.1522579198104653e-06
1.5,I,3.1622776601683795e-05,0.5661607368954616,0.5655825882881309,0.5655836890403914,0.0010211739699595129,0.0010192297301196253,1.944239839887557e-06
1.5,I,3.831186849557285e-05,0.5661607368954616,0.5655241563628607,0.565525158048484,0.001124381277464852,0.0011226120173271229,1.7692601377288946e-06
1.5,I,4.641588833612772e-05,0.5661607368954616,0.5654599377256605,0.5654608542407727,0.0012378095550107811,0.0012361907300861249,1.618824924656221e-06
1.5,I,5.623413251903491e-05,0.5661607368954616,0.5653900628956267,0.5653908857401634,0.0013612282689558755,0.0013597748927623198,1.4533761935556024e-06
1.5,I,6.812920690579608e-05,0.5661607368954616,0.5653121707677173,0.5653129092516359,0.001498807798642867,0.0014975034271623904,1.3043714804765154e-06
1.5,I,8.254041852680174e-05,0.5661607368954616,0.5652270846621058,0.5652277413931363,0.0016490939277695536,0.001647933955013323,1.159972756230584e-06
1.5,I,0.0001,0.5661607368954616,0.5651325448992515,0.5651331304696474,0.0018160778895552965,0.0018150436066073814,1.03428294791521e-06
1.5,I,0.00012115276586285876,0.5661607368954616,0.5650290296605559,0.5650295532288326,0.001998915080391219,0.001997990310723148,9.247696680707358e-07
1.5,I,0.0001467799267622069,0.5661607368954616,0.5649151981791558,0.5649156709233819,0.00219997367379402,0.00219913867377496,8.350000190600735e-07
1.5,I,0.00017782794100389227,0.5661607368954616,0.5647904554372687,0.5647908834908086,0.0024203046394684403,0.0024195485758418908,7.560636265493151e-07
1.5,I,0.00021544346900318823,0.5661607368954616,0.5646517471303152,0.5646521327460109,0.0026653027432121078,0.002664621636822034,6.811063900735955e-07
1.5,I,0.0002610157215682536,0.5661607368954616,0.5644998815861187,0.5645002329586706,0.0029335402494531666,0.002932919626140856,6.20623312310585e-07
1.5,I,0.00031622776601683794,0.5661607368954616,0.5643326164719024,0.5643329367551135,0.0032289777521199593,0.003228412041376874,5.657107430852639e-07
1.5,I,0.00038311868495572853,0.5661607368954616,0.564148876400388,0.5641491710762249,0.0035535146893188813,0.003552994208441916,5.204808769654022e-07
1.5,I,0.00046415888336127773,0.5661607368954616,0.5639459895445577,0.563946257737424,0.003911870263290494,0.003911396558830113,4.7370446038013557e-07
1.5,I,0.0005623413251903491,0.5661607368954616,0.5637230803624005,0.5637233242112493,0.004305590928873015,0.004305160222833389,4.307060396259013e-07
1.5,I,0.0006812920690579609,0.5661607368954616,0.5634774597512794,0.5634776847984154,0.004739426401936652,0.004739028905039796,3.974968968560125e-07
1.5,I,0.0008254041852680181,0.5661607368954616,0.5632072171871951,0.5632074271326611,0.005216751208256017,0.005216380385179936,3.7082307608133673e-07
1.5,I,0.001,0.5661607368954616,0.5629099561582233,0.5629101518990026,0.0057417982657434405,0.005741452532161779,3.4573358166136796e-07
1.5,I,0.0012115276586285877,0.5661607368954616,0.5625825796150354,0.5625827602053094,0.006320037839513577,0.006319718866009786,3.1897350379219286e-07
1.5,I,0.0014677992676220691,0.5661607368954616,0.5622218618624195,0.5622220263524285,0.006957167419699441,0.006956876883817619,2.9053588182219545e-07
1.5,I,0.0017782794100389228,0.5661607368954616,0.5618251959493866,0.561825345078971,0.007657791619123803,0.007657528214096521,2.634050272822636e-07
1.5,I,0.002154434690031882,0.5661607368954616,0.5613882628482219,0.5613883967120272,0.008429539062368792,0.008429302621025106,2.3644134368602852e-07
1.5,I,0.0026101572156825357,0.5661607368954616,0.5609073761413546,0.5609074956604625,0.00927892100556789,0.009278709901017266,2.1110455062519191e-07
1.5,I,0.0031622776601683794,0.5661607368954616,0.5603779616564561,0.5603780689481431,0.010214016730858637,0.010213827223391963,1.895074666739508e-07
1.5,I,0.003831186849557285,0.5661607368954616,0.5597949250862981,0.5597950220650826,0.011243824225732071,0.011243652933768274,1.712919637966211e-07
1.5,I,0.004641588833612777,0.5661607368954616,0.5591530482789187,0.5591531361813928,0.012377560222507845,0.0123774049618752,1.5526063264374694e-07
1.5,I,0.005623413251903491,0.5661607368954616,0.5584463266661484,0.5584464060927486,0.01362583048696596,0.013625690197124013,1.4028984194902143e-07
1.5,I,0.006812920690579608,0.5661607368954616,0.5576679529591015,0.5576680249349149,0.015000658616721153,0.015000531487076479,1.271296446731728e-07
1.5,I,0.008254041852680182,0.5661607368954616,0.5568107714494129,0.5568108367855001,0.016514683616739623,0.016514568214729297,1.1540201032912897e-07
1.5,I,0.01,0.5661607368954616,0.5558666056122226,0.5558666648802458,0.018182347542655252,0.01818224285856219,1.0468409305799077e-07
1.5,I,0.012115276586285877,0.5661607368954616,0.5548264423599694,0.5548264958007407,0.020019570056453946,0.020019475664935987,9.439151795787345e-08
1.5,I,0.014677992676220676,0.5661607368954616,0.5536802884985758,0.5536803363200987,0.022044001965453027,0.022043917499117147,8.446633587842176e-08
1.5,I,0.01778279410038923,0.5661607368954616,0.5524172257630328,0.5524172684957973,0.02427492801389113,0.024274852535741968,7.547814916212806e-08
1.5,I,0.021544346900318822,0.5661607368954616,0.5510247181363123,0.5510247568058858,0.026734490353654043,0.02673442205224947,6.830140457161326e-08
1.5,I,0.026101572156825334,0.5661607368954616,0.5494891033635817,0.549489138308107,0.029446820391146745,0.02944675866923105,6.172191569665379e-08
1.5,I,0.03162277660168379,0.5661607368954616,0.5477950957087132,0.5477951274454332,0.03243891705994361,0.0324388610039193,5.605602430820361e-08
1.5,I,0.03831186849557285,0.5661607368954616,0.5459252539536714,0.5459252818078225,0.03574158648434604,0.035741537286036656,4.919830938732716e-08
1.5,I,0.046415888336127725,0.5661607368954616,0.5438602403732604,0.5438602659680208,0.039388984556728256,0.03938893934914187,4.520758638710275e-08
1.5,I,0.05623413251903491,0.5661607368954616,0.5415780156780292,0.5415780378630127,0.043420038896076776,0.04341999971112086,3.9184955916523675e-08
1.5,I,0.06812920690579609,0.5661607368954616,0.539053518069208,0.5390535383877223,0.04787901572775234,0.04787897983950897,3.588824337574993e-08
1.5,I,0.08254041852680173,0.5661607368954616,0.5362580335870933,0.5362580515923275,0.05281663202633861,0.05281660022400224,3.180233636690865e-08
1.5,I,0.1,0.5661607368954616,0.5331584542723858,0.5331584683820506,0.058291365812549255,0.05829134089089035,2.492165890425468e-08
1.5,II,1e-06,0.5661607368954616,0.5660629669303009,3.7522900841979014,0.00017268941272203955,5.627605624461982,5.627778313874703
1.5,II,1.2115276586285875e-06,0.5661607368954616,0.5660555369268547,3.055856533969651,0.00018581290038546374,4.397506988433035,4.397692801333421
1.5,II,1.4677992676220705e-06,0.5661607368954616,0.5660504749244338,2.581381893882995,0.00019475382844885152,3.55945056882253,3.5596453226509785
1.5,II,1.778279410038923e-06,0.5661607368954616,0.5660426751684196,2.212356638616259,0.0002085304037321388,2.9076475891770617,2.9078561195807935
1.5,II,2.1544346900318822e-06,0.5661607368954616,0.5660224172770698,1.8037450270852713,0.00024431156980314503,2.1859239073625876,2.186168218932391
1.5,II,2.6101572156825386e-06,0.5661607368954616,0.5660086157363574,1.5253610987549768,0.0002686889944689385,1.6942191489987164,1.6944878379931854
1.5,II,3.162277660168379e-06,0.5661607368954616,0.5659992128561292,1.3357005021996795,0.00028529714055793785,1.3592248899561346,1.3595101870966924
1.5,II,3.831186849557285e-06,0.5661607368954616,0.5659787710990213,1.163669226116596,0.00032140306556433494,1.055368997323212,1.0556904003887766
1.5,II,4.641588833612782e-06,0.5661607368954616,0.5659595849076278,1.0304215250829818,0.0003552913063821703,0.8200158681672114,0.8203711594735936
1.5,II,5.623413251903491e-06,0.5661607368954616,0.5659449583357894,0.9356700285259917,0.0003811259693765996,0.652657924773681,0.6530390507430577
1.5,II,6.8129206905796085e-06,0.5661607368954616,0.565917253506662,0.8258209158987821,0.000430060533930324,0.4586333210373528,0.4590633815712831
1.5,II,8.25404185268019e-06,0.5661607368954616,0.5658983784263029,0.7509815454199377,0.00046339926466364704,0.32644582444543857,0.3269092237101022
1.5,II,1e-05,0.5661607368954616,0.5658666022197254,0.7039521168188774,0.0005195250333838613,0.24337855125559177,0.24389807628897564
1.5,II,1.2115276586285876e-05,0.5661607368954616,0.5658393541059055,0.6699647636578602,0.0005676529095226201,0.18334727224570033,0.18391492515522295
1.5,II,1.4677992676220675e-05,0.5661607368954616,0.5658067161154848,0.6413486808021621,0.0006253008322655616,0.1328031758595501,0.13342847669181568
1.5,II,1.778279410038923e-05,0.5661607368954616,0.5657694524705649,0.6230445356690439,0.0006911189692213231,0.1004728782244848,0.10116399719370613
1.5,II,2.1544346900318823e-05,0.5661607368954616,0.5657304132971462,0.6092436837984859,0.0007600731917142185,0.07609667024822192,0.07685674343993615
1.5,II,2.6101572156825332e-05,0.5661607368954616,0.5656877462536385,0.5978671885666693,0.0008354352589280519,0.05600256182558644,0.056837997084514494
1.5,II,3.1622776601683795e-05,0.5661607368954616,0.5656402908997462,0.5895895554576631,0.0009192548366552173,0.04138192042541351,0.04230117526206873
1.5,II,3.831186849557285e-05,0.5661607368954616,0.5655875765288015,0.5838129985135084,0.0010123633260106114,0.03117888696210697,0.03219125028811758
1.5,II,4.641588833612772e-05,0.5661607368954616,0.5655297116595102,0.5797138016383419,0.0011145690522654577,0.023938545822160574,0.025053114874426033
1.5,II,5.623413251903491e-05,0.5661607368954616,0.565467224996869,0.5759923800492707,0.0012249381728509606,0.017365462691250486,0.018590400864101447
1.5,II,6.812920690579608e-05,0.5661607368954616,0.5653969241069867,0.5731889756758773,0.0013491094289994196,0.012413857624523723,0.013762967053523143
1.5,II,8.254041852680174e-05,0.5661607368954616,0.565320581436345,0.570921525825253,0.0014839521788876232,0.008408899839817793,0.009892852018705416
1.5,II,0.0001,0.5661607368954616,0.565235187890052,0.5692643416910506,0.0016347813352174227,0.005481843924055039,0.007116625259272462
1.5,II,0.00012115276586285876,0.5661607368954616,0.5651420150502283,0.5680403158746123,0.0017993509242966617,0.0033198681163539453,0.0051192190406506065
1.5,II,0.0001467799267622069,0.5661607368954616,0.5650396302970677,0.5671706222111962,0.0019801913579198522,0.001783743113788209,0.003763934471708061
1.5,II,0.00017782794100389227,0.5661607368954616,0.5649277560217256,0.5665036593439444,0.0021777929718282203,0.0006056980396824884,0.002783491011510709
1.5,II,0.00021544346900318823,0.5661607368954616,0.5648025146820779,0.5659429528156451,0.0023990046021763658,0.0003846682852130622,0.0020143363169633035
1.5,II,0.0002610157215682536,0.5661607368954616,0.5646658761278153,0.5655165164254106,0.002640346937238064,0.0011378755679591287,0.0015024713692789354
1.5,II,0.00031622776601683794,0.5661607368954616,0.5645153267101918,0.5651478994581035,0.0029062597916847143,0.0017889573955834966,0.0011173023961012177
1.5,II,0.00038311868495572853,0.5661607368954616,0.5643501735907536,0.5648358819801135,0.0031979669141952343,0.0023400685159006345,0.0008578983982945996
1.5,II,0.00046415888336127773,0.5661607368954616,0.5641674245194911,0.5645271346935568,0.0035207534646448137,0.0028854035531724427,0.000635349911472371
1.5,II,0.0005623413251903491,0.5661607368954616,0.5639668922659424,0.5642303741736326,0.0038749501449873514,0.003409566570112464,0.00046538357487488764
1.5,II,0.0006812920690579609,0.5661607368954616,0.5637457752322697,0.5639485946981584,0.00426550536943699,0.003907268825163545,0.0003582365442734449
1.5,II,0.0008254041852680181,0.5661607368954616,0.563502574956323,0.5636647814341845,0.004695065845990318,0.004408563325962298,0.0002865025200280202
1.5,II,0.001,0.5661607368954616,0.563235193711074,0.5633659877521111,0.005167336753922291,0.0049363174823381884,0.00023101927158410168
1.5,II,0.0012115276586285877,0.5661607368954616,0.5629406341838189,0.5630437201765335,0.0056876121952577595,0.005505533174236536,0.00018207902102122318
1.5,II,0.0014677992676220691,0.5661607368954616,0.5626158810840677,0.5626949223398777,0.006261218025877522,0.006121608811286867,0.00013960921459065475
1.5,II,0.0017782794100389228,0.5661607368954616,0.562259026140255,0.5623190312581169,0.006891524793120811,0.006785538782520891,0.00010598601059992019
1.5,II,0.002154434690031882,0.5661607368954616,0.5618658041850363,0.5619101338941965,0.0075860659889214355,0.007507767183880094,7.829880504134178e-05
1.5,II,0.0026101572156825357,0.5661607368954616,0.5614331224555238,0.5614653335946278,0.008350304307327448,0.008293410324744621,5.689398258282595e-05
1.5,II,0.0031622776601683794,0.5661607368954616,0.5609568088085417,0.5609803550360327,0.009191608933278635,0.009150019635475811,4.1589297802823625e-05
1.5,II,0.003831186849557285,0.5661607368954616,0.560432189091396,0.5604497160691448,0.010118235742517348,0.010087278142304862,3.09576002124862e-05
1.5,II,0.004641588833612777,0.5661607368954616,0.5598547129413884,0.5598679665256266,0.011138221962639515,0.011114812384096714,2.3409578542800678e-05
1.5,II,0.005623413251903491,0.5661607368954616,0.5592189948118179,0.5592289329435004,0.012261079992421807,0.012243526440868619,1.7553551553187945e-05
1.5,II,0.006812920690579608,0.5661607368954616,0.5585188284444009,0.5585263622142927,0.01349777183943392,0.01348446507087711,1.3306768556810115e-05
1.5,II,0.008254041852680182,0.5661607368954616,0.5577479133533197,0.5577536557844783,0.014859425943723258,0.014849283186049753,1.0142757673505695e-05
1.5,II,0.01,0.5661607368954616,0.5568988977579121,0.5569032507934316,0.016359027629391523,0.01635133893740741,7.688691984114925e-06
1.5,II,0.012115276586285877,0.5661607368954616,0.555963714138835,0.5559669915320962,0.018010826417497433,0.01800503761398717,5.7888035102639835e-06
1.5,II,0.014677992676220676,0.5661607368954616,0.5549334355018839,0.5549358916033191,0.01983058990480791,0.019826251734964658,4.338169843251813e-06
1.5,II,0.01778279410038923,0.5661607368954616,0.5537984363592194,0.5538002983015329,0.02183531942541759,0.02183203070864141,3.288716776177975e-06
1.5,II,0.021544346900318822,0.5661607368954616,0.5525474554050206,0.5525488693539863,0.024044905630668394,0.02404240819685933,2.4974338090678102e-06
1.5,II,0.026101572156825334,0.5661607368954616,0.551168445077449,0.5511695220317725,0.02648062792242142,0.026478725716469444,1.9022059519763413e-06
1.5,II,0.03162277660168379,0.5661607368954616,0.5496479684429988,0.549648789900696,0.02916621972588651,0.029164768799243835,1.450926642674156e-06
1.5,II,0.03831186849557285,0.5661607368954616,0.5479705778227084,0.547971204086496,0.0321289660114879,0.03212785985250019,1.1061589877117818e-06
1.5,II,0.046415888336127725,0.5661607368954616,0.5461194127281134,0.5461198883452911,0.035398647170845385,0.035397807096381094,8.40074464296434e-07
1.5,II,0.05623413251903491,0.5661607368954616,0.5440752680305032,0.5440756256568546,0.03900918489343494,0.03900855322414366,6.316692912733579e-07
1.5,II,0.06812920690579609,0.5661607368954616,0.5418164554801774,0.5418167269996863,0.04299888676275206,0.04299840718250006,4.795802520064701e-07
1.5,II,0.08254041852680173,0.5661607368954616,0.5393183057457348,0.5393185118991046,0.0474113257957751,0.04741096167061349,3.641251616102524e-07
1.5,II,0.1,0.5661607368954616,0.5365526378201178,0.536552792996265,0.052296277621969506,0.05229600353700184,2.740849676648913e-07
1.75,I,1e-06,0.40441698083867417,0.39917558625191,0.3990108645922137,0.012960372177979813,0.013367678664850701,0.00040730648687088873
1.75,I,1.2115276586285875e-06,0.40441698083867417,0.39897213931476405,0.39883832065762975,0.013463434479478781,0.013794327254695064,0.0003308927752162829
1.75,I,1.4677992676220705e-06,0.40441698083867417,0.3988042133613638,0.39869590216262185,0.01387866420858664,0.014146484809287742,0.00026782060070110105
1.75,I,1.778279410038923e-06,0.40441698083867417,0.39845950195610563,0.3983754518660272,0.01473103050770519,0.014938860777107195,0.00020783026940200433
1.75,I,2.1544346900318822e-06,0.40441698083867417,0.39811513713570873,0.39805204328157195,0.015582539808038634,0.01573855168965135,0.00015601188161271627
1.75,I,2.6101572156825386e-06,0.40441698083867417,0.39783089697169416,0.39778510044890675,0.016285379148328245,0.01639861999863191,0.00011324085030366216
1.75,I,3.162277660168379e-06,0.40441698083867417,0.3975767734023086,0.39754523793763075,0.016913749324225746,0.016991726922032054,7.797759780630605e-05
1.75,I,3.831186849557285e-06,0.40441698083867417,0.39716390199993334,0.3971439670686592,0.01793465453329752,0.017983947545754185,4.929301245666625e-05
1.75,I,4.641588833612782e-06,0.40441698083867417,0.39682311621643535,0.3968127565584035,0.018777313965627193,0.018802930244178066,2.561627855087303e-05
1.75,I,5.623413251903491e-06,0.40441698083867417,0.396465217184161,0.39646188852810643,0.019662289249138137,0.019670520001584944,8.230752446808116e-06
1.75,I,6.8129206905796085e-06,0.40441698083867417,0.3960510461956116,0.39605216908056584,0.0206864079389382,0.020683631386499892,2.7765524383087053e-06
1.75,I,8.25404185268019e-06,0.40441698083867417,0.3956672696019075,0.3956717586103234,0.02163537054903488,0.021624270598665424,1.1099950369458462e-05
1.75,I,1e-05,0.40441698083867417,0.39521622609241,0.3952225068019806,0.02275066375102203,0.022735133469485323,1.553028153670696e-05
1.75,I,1.2115276586285876e-05,0.40441698083867417,0.39476876318663734,0.3947765358258124,0.023857103210721993,0.023837883841745584,1.9219368976407526e-05
1.75,I,1.4677992676220675e-05,0.40441698083867417,0.3943128503987756,0.3943218690879871,0.024984436654822827,0.02496213618367844,2.2300471144386986e-05
1.75,I,1.778279410038923e-05,0.40441698083867417,0.3937970046297293,0.3938060961158999,0.026259966104591696,0.026237485628742816,2.2480475848879033e-05
1.75,I,2.1544346900318823e-05,0.40441698083867417,0.39327318553405355,0.39328199698210076,0.027555211162278038,0.02753342313540307,2.178802687497159e-05
1.75,I,2.6101572156825332e-05,0.40441698083867417,0.3927279478897464,0.39273625338138834,0.028903417766205582,0.028882880815396268,2.0536950809315187e-05
1.75,I,3.1622776601683795e-05,0.40441698083867417,0.3921548203088652,0.3921624638019528,0.03032058768744044,0.03030168765739788,1.8900030042560103e-05
1.75,I,3.831186849557285e-05,0.40441698083867417,0.3915521876701771,0.39155908741871315,0.03181071462879295,0.03179365365246658,1.7060976326371152e-05
1.75,I,4.641588833612772e-05,0.40441698083867417,0.3909216794368038,0.39092790647566944,0.033369769424330356,0.03335437185409791,1.5397570232448414e-05
1.75,I,5.623413251903491e-05,0.40441698083867417,0.39026695524120175,0.39027263599871237,0.034988702917786225,0.034974656134936416,1.404678284981264e-05
1.75,I,6.812920690579608e-05,0.40441698083867417,0.3895636028390409,0.38956876237684057,0.03672787915292415,0.036715121187645416,1.2757965278734617e-05
1.75,I,8.254041852680174e-05,0.40441698083867417,0.38884119549156737,0.388845885047607,0.038514172463297545,0.03850257661974548,1.1595843552069152e-05
1.75,I,0.0001,0.40441698083867417,0.3880699385379158,0.38807419975026924,0.04042125596916845,0.04041071928907015,1.0536680098301486e-05
1.75,I,0.00012115276586285876,0.40441698083867417,0.3872660890489319,0.3872698829847191,0.0424089308865691,0.04239954963907714,9.38124749196202e-06
1.75,I,0.0001467799267622069,0.40441698083867417,0.38642455035051515,0.38642787831727915,0.044489799737999554,0.04448157068995835,8.2290480412027e-06
1.75,I,0.00017782794100389227,0.40441698083867417,0.3855420948219231,0.38554501485830445,0.046671843446357296,0.0466646230858885,7.220360468801796e-06
1.75,I,0.00021544346900318823,0.40441698083867417,0.38461209337273583,0.38461467141141237,0.0489714537328953,0.048965079028571085,6.374704324212538e-06
1.75,I,0.0002610157215682536,0.40441698083867417,0.3836386255872593,0.38364089760031866,0.05137854302834911,0.05137292503215458,5.61799619453439e-06
1.75,I,0.00031622776601683794,0.40441698083867417,0.3826177857106229,0.38261979433990123,0.05390276907474168,0.05389780234640554,4.966728336144471e-06
1.75,I,0.00038311868495572853,0.40441698083867417,0.3815489658428476,0.3815507335638137,0.056545635023542325,0.0565412639880768,4.371035465524041e-06
1.75,I,0.00046415888336127773,0.40441698083867417,0.38042335474280425,0.38042490759806474,0.05932892838998074,0.059325088651952754,3.8397380279854405e-06
1.75,I,0.0005623413251903491,0.40441698083867417,0.37924489294047187,0.3792462504601176,0.06224290544378424,0.06223954871122832,3.3567325559260086e-06
1.75,I,0.0006812920690579609,0.40441698083867417,0.3780063722089016,0.3780075572086322,0.06530538993442517,0.0653024597910663,2.930143358870822e-06
1.75,I,0.0008254041852680181,0.40441698083867417,0.37670832912678576,0.37670936281316025,0.06851505506625019,0.0685124990747279,2.5559915222965366e-06
1.75,I,0.001,0.40441698083867417,0.3753474846635468,0.3753483849146304,0.0718800088830184,0.07187778283632335,2.226046695065349e-06
1.75,I,0.0012115276586285877,0.40441698083867417,0.3739180457154231,0.3739188322927839,0.07541457596563533,0.07541263099942949,1.9449662058439897e-06
1.75,I,0.0014677992676220691,0.40441698083867417,0.3724184323549634,0.37241911945836614,0.07912266299340998,0.07912096399600065,1.6989974093202837e-06
1.75,I,0.0017782794100389228,0.40441698083867417,0.3708451379561603,0.37084573524463527,0.08301294078426937,0.08301146387181699,1.4769124523865577e-06
1.75,I,0.002154434690031882,0.40441698083867417,0.3691941494269618,0.3691946682124267,0.08709533249238877,0.08709404969396672,1.282798422036765e-06
1.75,I,0.0026101572156825357,0.40441698083867417,0.36746199656549783,0.3674624467926686,0.09137841886989913,0.09137730559525416,1.1132746449807703e-06
1.75,I,0.0031622776601683794,0.40441698083867417,0.3656444866811891,0.36564487961558556,0.09587256716342431,0.09587159555635764,9.716070666715209e-07
1.75,I,0.003831186849557285,0.40441698083867417,0.36373692079236597,0.36373726230164655,0.10058939652322825,0.10058855207480803,8.444484202140847e-07
1.75,I,0.004641588833612777,0.40441698083867417,0.36173491148532555,0.3617352077746978,0.10553975568690303,0.1055390230535412,7.326333618451848e-07
1.75,I,0.005623413251903491,0.40441698083867417,0.3596340005112745,0.3596342594707316,0.11073466854564164,0.11073402821778854,6.4032785310611e-07
1.75,I,0.006812920690579608,0.40441698083867417,0.357428398624248,0.35742862387066615,0.11618845014119311,0.11618789317541571,5.569657774047365e-07
1.75,I,0.008254041852680182,0.40441698083867417,0.3551134870174638,0.35511368319115677,0.12191252137574805,0.12191203629796385,4.85077784196764e-07
1.75,I,0.01,0.40441698083867417,0.3526833514527557,0.3526835228707057,0.12792150635869445,0.12792108249432146,4.23864372968988e-07
1.75,I,0.012115276586285877,0.40441698083867417,0.35013144791272915,0.3501315975001348,0.13423158645160857,0.1342312165675218,3.698840867630464e-07
1.75,I,0.014677992676220676,0.40441698083867417,0.3474516357491207,0.34745176571203396,0.14085794560707998,0.14085762424838483,3.213586951640552e-07
1.75,I,0.01778279410038923,0.40441698083867417,0.34463693875997403,0.34463705120310567,0.14781783384745403,0.14781755580984193,2.780376120851e-07
1.75,I,0.021544346900318822,0.40441698083867417,0.3416796024376033,0.3416797005122344,0.1551304257080575,0.15513018319937036,2.425086871467092e-07
1.75,I,0.026101572156825334,0.40441698083867417,0.33857141111959205,0.3385714967117983,0.162816036019389,0.162815824375936,2.1164345297649665e-07
1.75,I,0.03162277660168379,0.40441698083867417,0.3353037780802727,0.3353038530629754,0.1708958971383336,0.17089571172895104,1.854093825587075e-07
1.75,I,0.03831186849557285,0.40441698083867417,0.3318667023211991,0.33186676607181875,0.17939473848754162,0.17939458085167892,1.5763586271752328e-07
1.75,I,0.046415888336127725,0.40441698083867417,0.3282494754801889,0.3282495320654571,0.18833903858470577,0.18833889866657455,1.399181312217728e-07
1.75,I,0.05623413251903491,0.40441698083867417,0.3244402288290466,0.32444027700769174,0.19775814517919824,0.19775802604808504,1.1913111321153701e-07
1.75,I,0.06812920690579609,0.40441698083867417,0.3204254085285098,0.3204254514097514,0.20768557278674063,0.20768546675449262,1.0603224801339082e-07
1.75,I,0.08254041852680173,0.40441698083867417,0.3161897154368465,0.3161897526196156,0.2181591515244074,0.21815905958274595,9.194166146122895e-08
1.75,I,0.1,0.40441698083867417,0.3117156891124398,0.3117157189584187,0.22922205574551235,0.2292219819454982,7.380001415529675e-08
1.75,II,1e-06,0.40441698083867417,0.39927372204276546,-218.97632490483636,0.012717712261346433,542.4617468601996,542.4490291479382
1.75,II,1.2115276586285875e-06,0.40441698083867417,0.3991263035545155,-153.16436484527935,0.013082233276127356,379.72881729063226,379.7157350573561
1.75,II,1.4677992676220705e-06,0.40441698083867417,0.39902586850763816,-108.32721121153108,0.013330578552502904,268.8601946606783,268.8468640821258
1.75,II,1.778279410038923e-06,0.40441698083867417,0.398621162119707,-73.24296391074206,0.014331294168083361,182.10753845907223,182.09320716490416
1.75,II,2.1544346900318822e-06,0.40441698083867417,0.3982569477092483,-48.14643676250542,0.015231885458051932,120.05147173261624,120.03623984715819
1.75,II,2.6101572156825386e-06,0.40441698083867417,0.3980088113199662,-31.048368471689543,0.015845451161370164,77.77315726778306,77.7573118166217
1.75,II,3.162277660168379e-06,0.40441698083867417,0.3978058757501999,-19.411806858528266,0.0163472490071121,48.999485131094985,48.983137882087874
1.75,II,3.831186849557285e-06,0.40441698083867417,0.3973459131551339,-11.599799012240831,0.017484596390775646,29.682769423245613,29.66528482685484
1.75,II,4.641588833612782e-06,0.40441698083867417,0.39703254428705215,-6.277542271664045,0.01825946214302941,16.522449771139105,16.504190308996076
1.75,II,5.623413251903491e-06,0.40441698083867417,0.39668956563585095,-3.02691473819294,0.01910754386919712,8.484638087935299,8.4655305440661
1.75,II,6.8129206905796085e-06,0.40441698083867417,0.3962733255403898,-1.3415824080397518,0.020136778830098016,4.3173246218731895,4.297187843043092
1.75,II,8.25404185268019e-06,0.40441698083867417,0.3959179114551362,-0.2824176738420557,0.021015609596591864,1.69833287726045,1.6773172676638584
1.75,II,1e-05,0.40441698083867417,0.3954661871812237,0.17939821219292146,0.02213258612160254,0.5564028695805799,0.5342702834589774
1.75,II,1.2115276586285876e-05,0.40441698083867417,0.3950322213856137,0.49650354888451376,0.023205651339363798,0.22770203134119585,0.25090768268055963
1.75,II,1.4677992676220675e-05,0.40441698083867417,0.394604430948751,0.7151352173470876,0.024263446776082616,0.7683115478090223,0.7925749945851049
1.75,II,1.778279410038923e-05,0.40441698083867417,0.3940885801353117,0.7262932083136611,0.02553898869909865,0.7959018605190231,0.8214408492181218
1.75,II,2.1544346900318823e-05,0.40441698083867417,0.3935769942359601,0.6935786116280774,0.02680398478875506,0.7150086284451854,0.7418126132339405
1.75,II,2.6101572156825332e-05,0.40441698083867417,0.39304823043474585,0.6436456606380984,0.028111456596980586,0.5915396512364915,0.6196511078334721
1.75,II,3.1622776601683795e-05,0.40441698083867417,0.39249183451021785,0.5896227201276925,0.029487254228855862,0.457957375837536,0.4874446300663918
1.75,II,3.831186849557285e-05,0.40441698083867417,0.3919058750622723,0.5390684940353657,0.03093615344849393,0.33295217455373205,0.363888328002226
1.75,II,4.641588833612772e-05,0.40441698083867417,0.3912942196649927,0.5010958252886186,0.032448590923327816,0.23905733198802198,0.2715059229113498
1.75,II,5.623413251903491e-05,0.40441698083867417,0.39066405715844027,0.47538670312887465,0.03400679084175269,0.17548650440697244,0.20949329524872515
1.75,II,6.812920690579608e-05,0.40441698083867417,0.38997406638629584,0.4549902514690717,0.03571292783608349,0.12505229262510043,0.1607652204611839
1.75,II,8.254041852680174e-05,0.40441698083867417,0.38927755318284324,0.4396157330892747,0.03743519281617453,0.08703579206196008,0.12447098487813461
1.75,II,0.0001,0.40441698083867417,0.3885234162427525,0.4278349693367668,0.039299943743612904,0.05790555196156386,0.09720549570517677
1.75,II,0.00012115276586285876,0.40441698083867417,0.38774142382099325,0.41715644390011203,0.041233572791872855,0.03150081145212781,0.07273438424400067
1.75,II,0.0001467799267622069,0.40441698083867417,0.38692421953671874,0.4081621362129865,0.043254270049885614,0.009260628390394758,0.05251489844028037
1.75,II,0.00017782794100389227,0.40441698083867417,0.3860675465515915,0.40138273078403197,0.04537256138214052,0.007502776091028155,0.03786978529111236
1.75,II,0.00021544346900318823,0.40441698083867417,0.3851616077633848,0.39638708306783876,0.04761267203804804,0.019855491117566616,0.02775718092048142
1.75,II,0.0002610157215682536,0.40441698083867417,0.3842149945356657,0.3924171873701202,0.049953358192610674,0.029671833867284586,0.020281524325326084
1.75,II,0.00031622776601683794,0.40441698083867417,0.383222734710894,0.38927697837067,0.05240691447680516,0.03743661415157953,0.014970300325225628
1.75,II,0.00038311868495572853,0.40441698083867417,0.38218553991571536,0.38662162283438173,0.05497158125471281,0.04400249951767277,0.01096908173704004
1.75,II,0.00046415888336127773,0.40441698083867417,0.38108996439774007,0.3843336347349841,0.05768060577614438,0.04965999711990704,0.008020608656237344
1.75,II,0.0005623413251903491,0.40441698083867417,0.3799448804734877,0.3822912800804655,0.060512049505034624,0.05471011803788438,0.005801931467150243
1.75,II,0.0006812920690579609,0.40441698083867417,0.37873981850798727,0.38043546530561106,0.06349180065940348,0.059298982657282534,0.004192818002120948
1.75,II,0.0008254041852680181,0.40441698083867417,0.3774779562668404,0.37870008252938403,0.06661200159293018,0.06359005563010435,0.003021945962825833
1.75,II,0.001,0.40441698083867417,0.37615589075251166,0.37703382450687045,0.06988106688189766,0.06771020414379464,0.0021708627381030058
1.75,II,0.0012115276586285877,0.40441698083867417,0.37476595301663446,0.37540073195171797,0.07331795949949933,0.0717483445595749,0.0015696149399244256
1.75,II,0.0014677992676220691,0.40441698083867417,0.3733079776734258,0.37376920371152644,0.07692308839439677,0.07578261690097879,0.001140471493417973
1.75,II,0.0017782794100389228,0.40441698083867417,0.37177853801270955,0.3721094527062379,0.08070492677700991,0.07988667554324096,0.0008182512337689559
1.75,II,0.002154434690031882,0.40441698083867417,0.3701735004009281,0.37041042519703077,0.08467369586393829,0.0840878530152742,0.0005858428486640799
1.75,II,0.0026101572156825357,0.40441698083867417,0.36848981165554456,0.3686590480657047,0.08883694524553433,0.08841847515605099,0.00041847008948334727
1.75,II,0.0031622776601683794,0.40441698083867417,0.36672332716272965,0.36684549399117883,0.09320492328926434,0.09290284193700306,0.0003020813522612958
1.75,II,0.003831186849557285,0.40441698083867417,0.3648691936257586,0.36495658481741866,0.09778963071951613,0.09757353892367007,0.00021609179584605552
1.75,II,0.004641588833612777,0.40441698083867417,0.3629232924175166,0.36298576955965905,0.10260125164652721,0.10244676470581343,0.00015448694071377883
1.75,II,0.005623413251903491,0.40441698083867417,0.3608815916065241,0.36092693377219776,0.10764975580863836,0.10753763844507067,0.00011211736356771
1.75,II,0.006812920690579608,0.40441698083867417,0.35873796119966045,0.3587706113154987,0.11295030081151691,0.11286956702093635,8.073379058055745e-05
1.75,II,0.008254041852680182,0.40441698083867417,0.3564885658514093,0.35651205623613447,0.1185123702963006,0.11845428573052287,5.808456577773143e-05
1.75,II,0.01,0.40441698083867417,0.3541275847435789,0.35414457198956295,0.12435035737323843,0.12430835308857954,4.200428465888567e-05
1.75,II,0.012115276586285877,0.40441698083867417,0.3516484071539775,0.35166069777650705,0.1304806083445506,0.13045021737900792,3.0390965542707184e-05
1.75,II,0.014677992676220676,0.40441698083867417,0.3490454788425723,0.3490543907194117,0.13691685715390395,0.13689482079721857,2.2036356685364435e-05
1.75,II,0.01778279410038923,0.40441698083867417,0.3463121830672645,0.3463186455404508,0.143675464988915,0.1436594852613258,1.5979727589210104e-05
1.75,II,0.021544346900318822,0.40441698083867417,0.34344100586274307,0.34344568295459055,0.15077501159689188,0.15076344657349008,1.156502340179501e-05
1.75,II,0.026101572156825334,0.40441698083867417,0.3404241611982762,0.34042754401651026,0.15823474946005134,0.15822638478103349,8.36467901786066e-06
1.75,II,0.03162277660168379,0.40441698083867417,0.3372538402752415,0.33725628459280843,0.166073987358668,0.1660679433059137,6.0440527542601185e-06
1.75,II,0.03831186849557285,0.40441698083867417,0.3339205149096765,0.33392227214207304,0.17431628558920326,0.17431194048877524,4.3451004280123315e-06
1.75,II,0.046415888336127725,0.40441698083867417,0.3304143154930391,0.3304155874275549,0.18298604868709858,0.18298290358049812,3.145106600444272e-06
1.75,II,0.05623413251903491,0.40441698083867417,0.3267244337209325,0.3267253522309563,0.1921100022966987,0.1921077311012067,2.2711954919822404e-06
1.75,II,0.06812920690579609,0.40441698083867417,0.32283845886147156,0.32283912712098506,0.20171883437739493,0.20171718197518343,1.6524022114932397e-06
1.75,II,0.08254041852680173,0.40441698083867417,0.31874259307799196,0.3187430819851509,0.21184666277615713,0.21184545385768414,1.208918472983891e-06
1.75,II,0.1,0.40441698083867417,0.3144213469270032,0.31442170444363304,0.22253178816833882,0.22253090413862,8.840297188188749e-07
